geoid,timestep,injury_count
1_10000,2013,15.0
1_1001,2013,0.9999999999999997
1_1002,2013,0.0
1_10100,2013,25.999999999999968
1_10200,2013,15.999999999999977
1_10300,2013,2.0
1_10400,2013,6.999999999999987
1_10601,2013,5.0
1_10602,2013,7.999999999999981
1_10800,2013,20.999999999999975
1_10900,2013,31.99999999999997
1_11000,2013,29.999999999999947
1_11100,2013,10.999999999999977
1_11201,2013,4.99999999999999
1_11202,2013,8.999999999999991
1_11203,2013,12.999999999999995
1_11300,2013,22.99999999999998
1_11401,2013,9.999999999999998
1_11402,2013,8.999999999999977
1_11500,2013,42.99999999999999
1_11600,2013,1.999999999999998
1_11700,2013,4.999999999999984
1_11800,2013,12.999999999999996
1_11900,2013,19.0
1_1200,2013,1.9999999999999982
1_12000,2013,4.999999999999992
1_12100,2013,12.99999999999999
1_12200,2013,5.999999999999984
1_12400,2013,18.999999999999986
1_12500,2013,17.999999999999975
1_12600,2013,2.999999999999997
1_12700,2013,12.99999999999999
1_12800,2013,7.999999999999993
1_12900,2013,11.999999999999963
1_1300,2013,14.999999999999979
1_13000,2013,4.99999999999999
1_13100,2013,12.99999999999999
1_13200,2013,4.999999999999998
1_13300,2013,12.999999999999996
1_13400,2013,13.999999999999986
1_13500,2013,20.999999999999993
1_13600,2013,6.999999999999993
1_13700,2013,16.999999999999996
1_13800,2013,7.999999999999999
1_13900,2013,24.999999999999986
1_14000,2013,6.999999999999991
1_1401,2013,2.9999999999999996
1_1402,2013,4.999999999999991
1_14200,2013,10.999999999999996
1_14300,2013,29.999999999999982
1_14401,2013,6.0
1_14402,2013,4.999999999999997
1_14500,2013,9.999999999999988
1_14601,2013,2.999999999999996
1_14602,2013,7.999999999999994
1_14700,2013,4.999999999999997
1_14801,2013,7.999999999999998
1_14802,2013,10.999999999999988
1_14900,2013,9.999999999999995
1_15001,2013,1.9999999999999993
1_15002,2013,3.999999999999996
1_1501,2013,4.999999999999991
1_1502,2013,10.999999999999991
1_15100,2013,6.999999999999997
1_15200,2013,7.0
1_15300,2013,12.999999999999993
1_15400,2013,2.999999999999995
1_15500,2013,3.0
1_15601,2013,5.999999999999989
1_15602,2013,0.9999999999999983
1_15700,2013,4.999999999999998
1_15801,2013,4.999999999999995
1_15802,2013,0.9999999999999983
1_15900,2013,1.9999999999999891
1_1600,2013,13.999999999999986
1_16001,2013,5.0
1_16002,2013,0.9999999999999997
1_16100,2013,4.999999999999999
1_16200,2013,3.9999999999999987
1_16300,2013,4.999999999999995
1_16400,2013,5.999999999999993
1_16500,2013,6.999999999999986
1_16600,2013,6.999999999999999
1_16700,2013,3.999999999999991
1_16800,2013,7.999999999999993
1_16900,2013,3.9999999999999956
1_17000,2013,6.9999999999999964
1_17100,2013,7.0
1_17200,2013,9.99999999999999
1_17300,2013,0.999999999999999
1_17401,2013,3.999999999999999
1_17402,2013,1.9999999999999978
1_17500,2013,12.99999999999999
1_17700,2013,4.9999999999999964
1_17800,2013,13.0
1_17900,2013,4.999999999999997
1_1800,2013,33.99999999999994
1_18000,2013,3.999999999999996
1_18100,2013,10.999999999999996
1_18200,2013,22.99999999999999
1_18300,2013,16.999999999999986
1_18400,2013,14.999999999999995
1_18500,2013,6.999999999999997
1_18600,2013,0.0
1_18700,2013,6.0
1_18800,2013,9.999999999999998
1_18900,2013,4.999999999999998
1_19000,2013,1.9999999999999998
1_19100,2013,4.999999999999997
1_19200,2013,0.0
1_19300,2013,4.999999999999995
1_19400,2013,8.999999999999996
1_19500,2013,1.9999999999999973
1_19600,2013,34.99999999999998
1_19701,2013,4.9999999999999964
1_19702,2013,0.9999999999999988
1_19800,2013,5.9999999999999885
1_19900,2013,0.9999999999999976
1_2000,2013,2.9999999999999996
1_20000,2013,11.999999999999988
1_201,2013,0.9999999999999989
1_20101,2013,0.0
1_20102,2013,5.0
1_202,2013,4.999999999999998
1_20300,2013,0.9999999999999989
1_20500,2013,6.0
1_20600,2013,13.999999999999995
1_20800,2013,2.9999999999999987
1_20901,2013,15.999999999999991
1_2100,2013,21.999999999999982
1_21000,2013,0.0
1_21100,2013,4.999999999999995
1_21200,2013,10.999999999999998
1_21303,2013,3.9999999999999956
1_21400,2013,4.999999999999994
1_21500,2013,3.9999999999999996
1_21600,2013,2.999999999999997
1_21703,2013,4.999999999999999
1_21800,2013,14.999999999999995
1_21900,2013,11.999999999999993
1_22000,2013,2.0
1_2201,2013,12.999999999999991
1_2202,2013,6.999999999999997
1_22102,2013,7.9999999999999964
1_22200,2013,17.999999999999993
1_22301,2013,4.999999999999996
1_22302,2013,0.9999999999999989
1_22400,2013,7.0
1_22500,2013,8.0
1_22600,2013,2.0
1_22700,2013,1.0
1_22800,2013,14.999999999999998
1_22900,2013,15.999999999999998
1_23000,2013,0.9999999999999984
1_23100,2013,6.9999999999999964
1_23200,2013,11.999999999999991
1_23300,2013,2.0
1_23400,2013,2.9999999999999987
1_23501,2013,5.999999999999996
1_23502,2013,1.0
1_23600,2013,9.0
1_23700,2013,4.999999999999995
1_23900,2013,4.0
1_2400,2013,4.0
1_24000,2013,1.0
1_24100,2013,11.999999999999998
1_24200,2013,13.999999999999973
1_24301,2013,0.9999999999999989
1_24500,2013,21.999999999999982
1_24700,2013,5.0
1_24900,2013,1.9999999999999991
1_2500,2013,3.9999999999999982
1_25100,2013,10.999999999999998
1_25300,2013,9.999999999999993
1_25500,2013,2.999999999999995
1_25700,2013,2.9999999999999987
1_25900,2013,11.999999999999996
1_2601,2013,3.9999999999999956
1_2602,2013,8.0
1_26100,2013,11.999999999999993
1_26300,2013,7.999999999999992
1_26500,2013,5.99999999999999
1_26700,2013,0.0
1_26900,2013,19.99999999999999
1_2700,2013,3.9999999999999947
1_27100,2013,18.999999999999993
1_27300,2013,1.9999999999999976
1_27500,2013,0.0
1_27700,2013,2.999999999999997
1_27900,2013,8.999999999999993
1_2800,2013,5.999999999999999
1_28100,2013,0.9999999999999989
1_28300,2013,4.999999999999998
1_28500,2013,1.9999999999999998
1_28700,2013,5.999999999999992
1_2900,2013,20.999999999999986
1_29100,2013,13.999999999999996
1_29300,2013,7.999999999999991
1_29500,2013,4.0
1_29700,2013,0.0
1_29900,2013,6.9999999999999805
1_3001,2013,12.999999999999996
1_3002,2013,3.9999999999999964
1_30300,2013,3.999999999999997
1_30700,2013,1.9999999999999993
1_3100,2013,12.99999999999998
1_31100,2013,0.9999999999999919
1_31703,2013,6.999999999999991
1_31704,2013,3.999999999999994
1_3200,2013,15.999999999999995
1_3300,2013,18.99999999999998
1_3400,2013,7.999999999999996
1_3601,2013,2.9999999999999925
1_3602,2013,5.999999999999995
1_3700,2013,20.0
1_3800,2013,13.999999999999993
1_3900,2013,6.999999999999992
1_4000,2013,35.0
1_4100,2013,24.0
1_4200,2013,9.999999999999998
1_4300,2013,11.999999999999996
1_4400,2013,0.9999999999999972
1_4500,2013,8.99999999999999
1_4700,2013,12.0
1_4800,2013,13.0
1_4900,2013,14.99999999999999
1_5000,2013,11.999999999999988
1_5200,2013,21.0
1_5400,2013,10.999999999999991
1_5501,2013,5.999999999999994
1_5502,2013,16.0
1_5600,2013,14.999999999999998
1_5700,2013,6.999999999999993
1_5800,2013,27.99999999999998
1_5900,2013,5.999999999999997
1_600,2013,7.0
1_6000,2013,3.999999999999998
1_6100,2013,16.99999999999999
1_6200,2013,7.999999999999999
1_6300,2013,23.0
1_6400,2013,16.999999999999986
1_6500,2013,8.99999999999999
1_6600,2013,16.999999999999996
1_6700,2013,15.999999999999998
1_6800,2013,33.99999999999998
1_6900,2013,5.999999999999998
1_700,2013,10.999999999999993
1_7000,2013,15.0
1_7100,2013,6.0
1_7200,2013,26.0
1_7300,2013,13.999999999999986
1_7400,2013,18.999999999999996
1_7500,2013,0.999999999999994
1_7600,2013,21.999999999999982
1_7700,2013,2.9999999999999987
1_7800,2013,21.999999999999957
1_7900,2013,3.999999999999996
1_800,2013,16.999999999999996
1_8000,2013,16.999999999999968
1_8100,2013,7.9999999999999964
1_8200,2013,36.99999999999997
1_8300,2013,16.0
1_8400,2013,14.0
1_8601,2013,2.9999999999999964
1_8603,2013,6.0
1_8700,2013,11.0
1_8800,2013,32.0
1_8900,2013,3.0
1_900,2013,16.999999999999996
1_9000,2013,16.999999999999982
1_9100,2013,18.999999999999986
1_9200,2013,9.999999999999998
1_9300,2013,6.999999999999997
1_9400,2013,10.99999999999999
1_9500,2013,21.999999999999996
1_9600,2013,15.999999999999998
1_9700,2013,7.999999999999995
1_9800,2013,19.999999999999996
1_9900,2013,20.99999999999999
2_11000,2013,0.9999999999999989
2_11502,2013,8.999999999999998
2_11700,2013,2.0
2_11800,2013,1.9999999999999996
2_11900,2013,3.999999999999996
2_12101,2013,2.9999999999999996
2_12102,2013,0.0
2_12300,2013,5.9999999999999964
2_12500,2013,7.0
2_12701,2013,9.999999999999996
2_12901,2013,3.0
2_13000,2013,0.0
2_13100,2013,1.9999999999999978
2_13200,2013,2.999999999999996
2_13300,2013,9.0
2_13500,2013,1.9999999999999993
2_13800,2013,0.9999999999999996
2_14100,2013,8.999999999999993
2_14300,2013,1.9999999999999993
2_14400,2013,0.9999999999999997
2_14500,2013,16.999999999999996
2_14701,2013,7.0
2_14702,2013,6.999999999999999
2_14900,2013,3.0
2_15100,2013,5.999999999999999
2_15200,2013,9.0
2_15300,2013,5.999999999999998
2_15500,2013,4.999999999999997
2_15700,2013,0.0
2_15800,2013,0.0
2_15900,2013,9.0
2_1600,2013,8.0
2_16000,2013,1.0
2_16100,2013,10.999999999999993
2_16200,2013,0.0
2_16300,2013,1.9999999999999973
2_16400,2013,3.9999999999999982
2_16500,2013,1.9999999999999978
2_16600,2013,2.9999999999999973
2_16700,2013,7.999999999999997
2_16900,2013,7.000000000000001
2_17100,2013,0.0
2_17300,2013,8.0
2_17500,2013,10.999999999999998
2_17701,2013,4.999999999999999
2_17702,2013,0.9999999999999999
2_17901,2013,5.999999999999996
2_17902,2013,2.9999999999999987
2_18101,2013,2.999999999999998
2_18102,2013,5.999999999999998
2_18302,2013,1.9999999999999993
2_18400,2013,0.9999999999999989
2_18500,2013,6.9999999999999885
2_18900,2013,0.0
2_1900,2013,15.0
2_19300,2013,4.0
2_19400,2013,1.9999999999999911
2_19500,2013,10.0
2_19700,2013,9.999999999999998
2_19900,2013,3.9999999999999982
2_200,2013,0.9999999999999997
2_2000,2013,5.999999999999998
2_20000,2013,18.999999999999996
2_20100,2013,3.9999999999999942
2_20200,2013,4.999999999999998
2_20400,2013,1.0
2_20501,2013,1.9999999999999984
2_20601,2013,0.0
2_20900,2013,4.999999999999993
2_21001,2013,3.9999999999999996
2_21002,2013,0.9999999999999989
2_21100,2013,10.0
2_21200,2013,2.9999999999999987
2_21301,2013,2.0
2_21302,2013,0.9999999999999996
2_21501,2013,1.9999999999999998
2_21502,2013,1.9999999999999991
2_21601,2013,2.999999999999999
2_21602,2013,9.999999999999995
2_21700,2013,4.0
2_21800,2013,1.999999999999997
2_21900,2013,8.999999999999996
2_22000,2013,6.999999999999993
2_22101,2013,2.0
2_22102,2013,3.0
2_22200,2013,2.0
2_22300,2013,9.0
2_22401,2013,3.999999999999998
2_22403,2013,0.9999999999999996
2_22404,2013,4.0
2_22500,2013,3.0
2_22701,2013,5.0
2_22702,2013,3.999999999999995
2_22703,2013,0.9999999999999999
2_22800,2013,0.9999999999999997
2_22901,2013,1.9999999999999991
2_22902,2013,4.0
2_2300,2013,1.9999999999999991
2_23000,2013,0.9999999999999989
2_23100,2013,5.999999999999997
2_23200,2013,0.9999999999999988
2_23301,2013,8.0
2_23302,2013,7.0
2_23501,2013,1.9999999999999998
2_23502,2013,0.9999999999999996
2_23600,2013,0.0
2_23702,2013,5.999999999999996
2_23703,2013,5.999999999999998
2_23704,2013,3.0
2_23800,2013,4.999999999999992
2_23900,2013,9.999999999999998
2_2400,2013,0.0
2_24000,2013,5.999999999999996
2_24100,2013,14.999999999999995
2_24300,2013,2.9999999999999987
2_24400,2013,0.9999999999999996
2_24501,2013,1.9999999999999993
2_24502,2013,3.9999999999999996
2_24600,2013,0.0
2_24700,2013,0.0
2_24800,2013,0.9999999999999982
2_2500,2013,3.0
2_25000,2013,0.0
2_25100,2013,12.999999999999998
2_25200,2013,4.0
2_25300,2013,0.9999999999999989
2_25400,2013,0.0
2_25500,2013,6.999999999999999
2_25600,2013,0.0
2_25700,2013,0.0
2_26100,2013,0.0
2_26300,2013,21.0
2_26400,2013,3.999999999999996
2_26500,2013,18.999999999999993
2_26601,2013,2.999999999999998
2_26602,2013,3.9999999999999956
2_26701,2013,2.9999999999999987
2_26702,2013,2.9999999999999996
2_26900,2013,4.999999999999989
2_2701,2013,4.999999999999998
2_2702,2013,7.999999999999999
2_27300,2013,2.999999999999997
2_27401,2013,0.0
2_27402,2013,0.0
2_27600,2013,0.0
2_27700,2013,4.999999999999999
2_27900,2013,3.9999999999999982
2_2800,2013,0.0
2_28100,2013,1.9999999999999993
2_28300,2013,3.9999999999999956
2_28400,2013,3.0
2_28500,2013,4.999999999999998
2_28600,2013,5.0
2_28700,2013,1.9999999999999967
2_28800,2013,0.9999999999999966
2_28900,2013,9.999999999999996
2_29302,2013,0.9999999999999982
2_29500,2013,0.9999999999999999
2_29600,2013,0.9999999999999969
2_29700,2013,2.9999999999999964
2_30000,2013,2.9999999999999987
2_30100,2013,1.0
2_30200,2013,0.9999999999999999
2_30701,2013,0.0
2_30900,2013,0.0
2_3100,2013,0.9999999999999984
2_31000,2013,1.9999999999999976
2_31200,2013,4.999999999999996
2_31400,2013,3.0
2_31600,2013,1.9999999999999991
2_31800,2013,0.0
2_31900,2013,0.0
2_32300,2013,0.9999999999999984
2_32400,2013,2.0
2_32600,2013,2.999999999999997
2_32800,2013,8.0
2_3300,2013,1.999999999999998
2_33000,2013,9.999999999999996
2_33201,2013,4.0
2_33202,2013,1.0
2_33400,2013,5.9999999999999885
2_33500,2013,0.9999999999999989
2_33600,2013,0.999999999999999
2_33700,2013,4.999999999999996
2_33800,2013,1.9999999999999993
2_34000,2013,3.999999999999995
2_34200,2013,0.9999999999999997
2_34300,2013,0.9999999999999984
2_34400,2013,4.0
2_34500,2013,1.9999999999999993
2_34800,2013,1.9999999999999942
2_3500,2013,2.999999999999998
2_35000,2013,4.999999999999998
2_35100,2013,0.0
2_35600,2013,8.999999999999991
2_35800,2013,4.999999999999992
2_35900,2013,3.0
2_36000,2013,0.9999999999999999
2_36100,2013,10.999999999999996
2_36300,2013,13.999999999999993
2_36400,2013,5.999999999999998
2_36501,2013,4.999999999999996
2_36502,2013,6.0
2_36700,2013,0.9999999999999989
2_36800,2013,2.9999999999999996
2_36901,2013,5.0
2_36902,2013,2.0
2_3700,2013,4.999999999999998
2_37000,2013,0.0
2_37100,2013,6.999999999999996
2_37200,2013,2.9999999999999996
2_37300,2013,1.9999999999999978
2_37400,2013,8.999999999999998
2_37504,2013,7.9999999999999964
2_37600,2013,0.0
2_37800,2013,3.9999999999999956
2_37900,2013,13.999999999999991
2_3800,2013,1.0
2_38000,2013,1.999999999999998
2_38100,2013,4.999999999999996
2_38200,2013,0.9999999999999989
2_38301,2013,2.9999999999999987
2_38302,2013,7.0
2_38500,2013,5.999999999999997
2_38600,2013,6.999999999999999
2_38700,2013,7.9999999999999964
2_38800,2013,1.9999999999999978
2_38900,2013,8.999999999999998
2_3900,2013,13.999999999999991
2_39000,2013,3.9999999999999996
2_39100,2013,7.999999999999998
2_39200,2013,0.9999999999999982
2_39300,2013,5.999999999999998
2_39400,2013,2.999999999999998
2_39500,2013,2.999999999999997
2_39600,2013,3.999999999999995
2_39700,2013,17.999999999999982
2_39800,2013,2.999999999999997
2_39901,2013,9.999999999999995
2_39902,2013,4.999999999999996
2_400,2013,5.0
2_4001,2013,1.9999999999999998
2_40100,2013,11.999999999999995
2_40302,2013,5.999999999999999
2_40303,2013,5.999999999999999
2_40304,2013,3.9999999999999982
2_40400,2013,2.0
2_40501,2013,6.0
2_40502,2013,6.999999999999997
2_40600,2013,5.999999999999999
2_40701,2013,5.0
2_40702,2013,12.999999999999995
2_40800,2013,0.9999999999999996
2_40900,2013,6.9999999999999964
2_4100,2013,3.0
2_41100,2013,0.0
2_41300,2013,3.999999999999995
2_41400,2013,6.999999999999989
2_41500,2013,0.9999999999999996
2_41800,2013,2.9999999999999987
2_41900,2013,11.999999999999991
2_4200,2013,10.999999999999993
2_42000,2013,4.999999999999994
2_42100,2013,7.999999999999991
2_42200,2013,7.999999999999997
2_42300,2013,4.999999999999999
2_42400,2013,0.9999999999999989
2_42500,2013,7.999999999999991
2_42600,2013,3.9999999999999956
2_42800,2013,0.0
2_42901,2013,2.9999999999999996
2_42902,2013,0.0
2_4300,2013,15.999999999999996
2_43000,2013,0.9999999999999996
2_43100,2013,27.999999999999982
2_43400,2013,9.999999999999993
2_43500,2013,5.999999999999987
2_43600,2013,0.0
2_4400,2013,3.9999999999999973
2_44200,2013,3.999999999999996
2_44400,2013,3.9999999999999987
2_44800,2013,0.0
2_44901,2013,0.0
2_44902,2013,0.0
2_45101,2013,0.9999999999999996
2_45102,2013,2.0
2_45600,2013,0.0
2_45800,2013,3.999999999999998
2_4600,2013,1.9999999999999978
2_46000,2013,7.0
2_46201,2013,16.99999999999999
2_46202,2013,2.999999999999989
2_4800,2013,4.999999999999998
2_48400,2013,6.99999999999999
2_5001,2013,1.9999999999999993
2_5002,2013,6.0
2_5100,2013,9.0
2_51600,2013,0.9999999999999986
2_5200,2013,3.9999999999999947
2_5300,2013,5.999999999999999
2_5400,2013,9.999999999999998
2_5600,2013,9.0
2_5902,2013,0.9999999999999983
2_6000,2013,3.999999999999996
2_6100,2013,8.0
2_6200,2013,5.999999999999996
2_6300,2013,24.999999999999975
2_6400,2013,4.0
2_6500,2013,28.999999999999996
2_6700,2013,3.9999999999999982
2_6800,2013,2.999999999999997
2_6900,2013,10.0
2_7000,2013,1.9999999999999993
2_7100,2013,17.99999999999999
2_7200,2013,9.0
2_7300,2013,3.999999999999999
2_7400,2013,2.9999999999999987
2_7500,2013,5.999999999999996
2_7600,2013,9.0
2_7700,2013,13.0
2_7800,2013,2.999999999999995
2_7900,2013,5.0
2_8300,2013,11.999999999999996
2_8500,2013,2.999999999999996
2_8600,2013,4.999999999999998
2_8700,2013,13.999999999999995
2_8900,2013,0.9999999999999997
2_9000,2013,3.0
2_9200,2013,4.999999999999988
2_9300,2013,25.999999999999964
2_9600,2013,2.9999999999999987
2_9800,2013,0.999999999999999
3_100,2013,4.0
3_10000,2013,7.0
3_100400,2013,0.9999999999999989
3_100600,2013,0.0
3_100800,2013,1.9999999999999996
3_10100,2013,1.999999999999995
3_101000,2013,2.9999999999999987
3_101200,2013,0.9999999999999976
3_101400,2013,0.0
3_101600,2013,1.0
3_101800,2013,0.9999999999999997
3_10200,2013,7.999999999999998
3_102000,2013,0.0
3_102200,2013,5.0
3_102400,2013,2.9999999999999964
3_102600,2013,0.0
3_102800,2013,4.999999999999994
3_103400,2013,1.9999999999999993
3_10400,2013,7.999999999999998
3_105801,2013,0.0
3_105804,2013,9.0
3_10600,2013,5.999999999999997
3_107000,2013,6.999999999999999
3_107800,2013,2.999999999999995
3_10800,2013,9.999999999999996
3_109800,2013,2.9999999999999822
3_1100,2013,11.999999999999993
3_11000,2013,7.0
3_110400,2013,21.999999999999964
3_110600,2013,4.0
3_111000,2013,3.0
3_111600,2013,7.999999999999997
3_111800,2013,5.999999999999999
3_11200,2013,7.999999999999995
3_112000,2013,4.0
3_112200,2013,4.999999999999998
3_112400,2013,1.999999999999998
3_112600,2013,9.999999999999998
3_112800,2013,8.999999999999996
3_113000,2013,3.9999999999999964
3_113200,2013,1.9999999999999973
3_113400,2013,3.9999999999999996
3_11400,2013,8.999999999999995
3_114201,2013,3.9999999999999987
3_114202,2013,1.9999999999999993
3_114400,2013,12.999999999999988
3_114600,2013,1.9999999999999982
3_115000,2013,1.9999999999999978
3_115200,2013,1.0
3_115600,2013,11.0
3_115800,2013,4.999999999999997
3_11600,2013,9.0
3_116000,2013,5.999999999999998
3_116200,2013,1.9999999999999967
3_116400,2013,0.9999999999999983
3_116600,2013,7.0
3_116800,2013,6.0
3_11700,2013,1.9999999999999987
3_117000,2013,3.9999999999999956
3_117201,2013,5.999999999999998
3_117202,2013,3.0
3_117400,2013,4.999999999999998
3_117601,2013,0.0
3_117602,2013,1.9999999999999993
3_117800,2013,5.999999999999999
3_11800,2013,5.999999999999996
3_118000,2013,2.999999999999996
3_118201,2013,1.0
3_118202,2013,0.0
3_118400,2013,7.999999999999996
3_118600,2013,2.9999999999999987
3_118800,2013,1.9999999999999991
3_11900,2013,6.99999999999999
3_119000,2013,0.9999999999999989
3_119200,2013,2.9999999999999916
3_119400,2013,4.0
3_119600,2013,7.999999999999998
3_119800,2013,15.99999999999997
3_12000,2013,10.999999999999993
3_120000,2013,2.9999999999999987
3_120200,2013,1.9999999999999996
3_120800,2013,4.999999999999998
3_12100,2013,2.999999999999997
3_121000,2013,0.9999999999999988
3_121400,2013,4.0
3_12200,2013,1.9999999999999962
3_122000,2013,5.999999999999994
3_123700,2013,5.999999999999982
3_12600,2013,2.0
3_12700,2013,2.999999999999997
3_12801,2013,3.999999999999997
3_12901,2013,7.999999999999996
3_12902,2013,10.999999999999996
3_1300,2013,6.999999999999983
3_13000,2013,2.999999999999995
3_13100,2013,1.999999999999997
3_13200,2013,0.0
3_13300,2013,4.999999999999999
3_13400,2013,5.999999999999997
3_13500,2013,4.0
3_13600,2013,1.9999999999999978
3_13700,2013,0.0
3_13800,2013,9.0
3_13900,2013,10.999999999999993
3_14000,2013,0.0
3_14100,2013,5.999999999999999
3_14200,2013,0.0
3_14300,2013,7.0
3_14500,2013,1.9999999999999971
3_14700,2013,0.9999999999999988
3_14800,2013,0.9999999999999996
3_14900,2013,2.9999999999999996
3_1500,2013,13.999999999999993
3_15000,2013,1.9999999999999998
3_150200,2013,1.9999999999999976
3_15100,2013,2.999999999999995
3_15200,2013,1.0
3_152200,2013,9.999999999999993
3_15300,2013,2.9999999999999964
3_15400,2013,3.9999999999999956
3_15500,2013,0.0
3_15700,2013,1.999999999999997
3_15900,2013,6.0
3_16000,2013,10.999999999999998
3_16100,2013,5.999999999999991
3_16200,2013,0.0
3_16300,2013,3.999999999999996
3_16400,2013,0.0
3_16500,2013,0.9999999999999969
3_16600,2013,0.0
3_16700,2013,1.9999999999999996
3_16800,2013,0.0
3_16900,2013,6.9999999999999964
3_17000,2013,3.0
3_17100,2013,0.9999999999999997
3_17200,2013,1.999999999999998
3_17400,2013,1.0
3_17500,2013,0.0
3_17600,2013,0.0
3_17700,2013,14.999999999999996
3_17800,2013,6.999999999999999
3_17900,2013,0.9999999999999984
3_1800,2013,8.999999999999975
3_18000,2013,1.9999999999999993
3_18100,2013,5.999999999999997
3_18200,2013,1.9999999999999998
3_18300,2013,6.0
3_18400,2013,2.9999999999999987
3_18501,2013,1.0
3_18600,2013,2.0
3_18800,2013,1.9999999999999991
3_19000,2013,2.999999999999995
3_19100,2013,2.999999999999997
3_19200,2013,0.0
3_19300,2013,9.0
3_19400,2013,8.999999999999998
3_19500,2013,3.9999999999999996
3_19600,2013,0.9999999999999996
3_19700,2013,8.999999999999993
3_19800,2013,0.9999999999999997
3_19900,2013,13.99999999999999
3_200,2013,9.99999999999999
3_2000,2013,0.9999999999999948
3_20000,2013,2.0
3_20100,2013,5.999999999999998
3_20200,2013,0.0
3_20300,2013,3.9999999999999925
3_20400,2013,3.9999999999999982
3_20500,2013,6.999999999999999
3_20600,2013,3.0
3_20700,2013,0.0
3_20800,2013,0.9999999999999984
3_2100,2013,3.9999999999999876
3_21000,2013,2.999999999999998
3_21100,2013,0.9999999999999989
3_21200,2013,3.9999999999999987
3_21300,2013,9.0
3_21400,2013,2.999999999999997
3_21500,2013,12.0
3_21600,2013,5.0
3_21700,2013,5.999999999999999
3_21800,2013,2.9999999999999987
3_21900,2013,4.999999999999997
3_2200,2013,1.9999999999999967
3_22000,2013,4.999999999999995
3_22100,2013,7.999999999999984
3_22200,2013,9.999999999999998
3_22400,2013,9.999999999999998
3_22600,2013,9.999999999999993
3_22700,2013,8.999999999999988
3_22800,2013,5.0
3_22900,2013,3.9999999999999987
3_2300,2013,1.999999999999998
3_23000,2013,2.0
3_23100,2013,0.0
3_23200,2013,10.999999999999995
3_23300,2013,3.9999999999999982
3_23400,2013,6.999999999999997
3_23500,2013,7.999999999999999
3_23600,2013,10.999999999999998
3_23800,2013,4.999999999999998
3_24000,2013,1.9999999999999993
3_24100,2013,6.999999999999993
3_24200,2013,5.999999999999996
3_24300,2013,5.0
3_24400,2013,4.9999999999999964
3_24500,2013,9.999999999999996
3_24600,2013,1.0
3_24700,2013,13.999999999999991
3_24800,2013,0.9999999999999984
3_24900,2013,1.9999999999999991
3_25000,2013,4.0
3_25100,2013,4.999999999999998
3_25200,2013,4.9999999999999964
3_25300,2013,3.9999999999999956
3_25400,2013,4.0
3_25500,2013,3.9999999999999956
3_25600,2013,0.9999999999999988
3_25700,2013,5.999999999999998
3_25800,2013,3.0
3_25901,2013,0.0
3_25902,2013,9.0
3_26000,2013,4.999999999999998
3_26100,2013,1.9999999999999964
3_26200,2013,2.9999999999999987
3_26300,2013,2.0
3_26400,2013,1.9999999999999976
3_26500,2013,5.999999999999996
3_26600,2013,1.9999999999999998
3_26700,2013,6.0
3_26800,2013,1.9999999999999993
3_26900,2013,7.0
3_27000,2013,5.0
3_27100,2013,13.999999999999998
3_27200,2013,3.0
3_27300,2013,6.999999999999995
3_27400,2013,5.999999999999997
3_27500,2013,2.9999999999999987
3_27600,2013,1.0
3_27700,2013,2.0
3_27800,2013,1.0
3_27900,2013,0.0
3_28000,2013,7.0
3_28100,2013,1.9999999999999998
3_28200,2013,0.0
3_28300,2013,5.0
3_28400,2013,1.999999999999998
3_28501,2013,8.999999999999995
3_28502,2013,5.0
3_28600,2013,1.9999999999999991
3_28700,2013,1.0
3_28800,2013,1.9999999999999991
3_28900,2013,5.999999999999997
3_29000,2013,13.999999999999993
3_2901,2013,0.0
3_29100,2013,2.0
3_29200,2013,4.999999999999995
3_29300,2013,4.999999999999999
3_29400,2013,2.9999999999999987
3_29500,2013,3.9999999999999964
3_29600,2013,3.9999999999999987
3_29700,2013,1.999999999999998
3_29800,2013,4.999999999999995
3_29900,2013,13.999999999999998
3_3000,2013,0.0
3_30000,2013,0.9999999999999956
3_301,2013,0.9999999999999976
3_30100,2013,10.999999999999993
3_30200,2013,4.0
3_30300,2013,9.999999999999995
3_30400,2013,2.9999999999999987
3_30500,2013,4.999999999999997
3_30600,2013,0.0
3_30700,2013,9.99999999999999
3_30800,2013,1.9999999999999993
3_30900,2013,1.9999999999999993
3_3100,2013,12.999999999999986
3_31100,2013,0.9999999999999997
3_31300,2013,5.999999999999992
3_31400,2013,0.0
3_31500,2013,25.99999999999999
3_31701,2013,4.999999999999998
3_31702,2013,3.9999999999999876
3_31900,2013,1.9999999999999993
3_32100,2013,6.9999999999999964
3_32300,2013,9.999999999999993
3_32500,2013,4.9999999999999964
3_32600,2013,9.999999999999996
3_32700,2013,10.999999999999991
3_32800,2013,2.0
3_32900,2013,10.999999999999996
3_3300,2013,12.999999999999988
3_33000,2013,1.0
3_33100,2013,4.999999999999998
3_33300,2013,2.9999999999999996
3_33500,2013,1.9999999999999964
3_33600,2013,0.0
3_33700,2013,17.99999999999999
3_33900,2013,9.999999999999998
3_3400,2013,0.0
3_34000,2013,1.0
3_34100,2013,4.999999999999998
3_34200,2013,7.0
3_34300,2013,0.9999999999999999
3_34500,2013,8.999999999999996
3_34700,2013,2.9999999999999987
3_34800,2013,13.999999999999982
3_34900,2013,22.99999999999999
3_3500,2013,10.999999999999988
3_35000,2013,2.999999999999997
3_35100,2013,5.999999999999998
3_35200,2013,2.0
3_35300,2013,19.0
3_35400,2013,7.999999999999996
3_35500,2013,12.999999999999995
3_35601,2013,0.9999999999999996
3_35602,2013,6.999999999999995
3_35700,2013,9.999999999999995
3_35900,2013,6.999999999999996
3_3600,2013,0.0
3_36001,2013,2.0
3_36002,2013,4.0
3_36100,2013,6.999999999999996
3_36200,2013,10.999999999999998
3_36300,2013,17.999999999999996
3_36400,2013,1.9999999999999998
3_36501,2013,5.999999999999994
3_36502,2013,4.999999999999994
3_36600,2013,6.999999999999995
3_36700,2013,3.9999999999999947
3_36900,2013,2.999999999999995
3_3700,2013,12.999999999999998
3_37000,2013,4.999999999999995
3_37100,2013,7.999999999999998
3_37300,2013,8.0
3_37401,2013,3.0
3_37402,2013,4.999999999999999
3_37500,2013,3.9999999999999982
3_37700,2013,2.999999999999996
3_37900,2013,7.9999999999999964
3_3800,2013,0.0
3_38100,2013,4.999999999999998
3_38200,2013,0.0
3_38300,2013,3.999999999999999
3_38500,2013,8.999999999999996
3_38600,2013,2.0
3_38700,2013,4.999999999999999
3_38800,2013,3.9999999999999982
3_38900,2013,0.9999999999999966
3_3900,2013,6.999999999999994
3_39000,2013,4.999999999999998
3_39100,2013,2.9999999999999987
3_39200,2013,0.9999999999999953
3_39300,2013,12.999999999999993
3_39400,2013,9.0
3_39500,2013,1.0
3_39600,2013,0.0
3_39700,2013,6.999999999999997
3_39800,2013,1.999999999999998
3_39900,2013,2.9999999999999925
3_40000,2013,2.999999999999998
3_40100,2013,6.0
3_40200,2013,3.9999999999999982
3_40300,2013,10.999999999999996
3_40400,2013,0.9999999999999972
3_40500,2013,2.999999999999997
3_40700,2013,0.0
3_40800,2013,0.999999999999999
3_40900,2013,0.0
3_4100,2013,9.999999999999988
3_41000,2013,0.0
3_41100,2013,0.9999999999999989
3_41200,2013,2.999999999999998
3_41300,2013,2.9999999999999987
3_41401,2013,7.0
3_41402,2013,1.9999999999999991
3_41500,2013,2.999999999999997
3_41600,2013,6.999999999999996
3_41700,2013,4.0
3_41800,2013,12.999999999999995
3_41900,2013,6.999999999999999
3_42000,2013,4.999999999999998
3_42100,2013,3.999999999999998
3_42200,2013,0.0
3_42300,2013,3.9999999999999996
3_42400,2013,2.9999999999999987
3_42500,2013,0.9999999999999983
3_42600,2013,3.9999999999999996
3_42700,2013,0.9999999999999983
3_42800,2013,1.9999999999999996
3_42900,2013,3.9999999999999982
3_4300,2013,9.99999999999999
3_43000,2013,2.9999999999999987
3_43100,2013,3.999999999999995
3_43200,2013,0.0
3_43300,2013,9.999999999999996
3_43400,2013,2.9999999999999987
3_43500,2013,7.0
3_43600,2013,1.9999999999999973
3_43700,2013,2.9999999999999987
3_43800,2013,7.0
3_43900,2013,3.9999999999999956
3_4400,2013,0.0
3_44000,2013,1.9999999999999944
3_44100,2013,7.9999999999999964
3_44200,2013,2.9999999999999973
3_44300,2013,4.999999999999999
3_44400,2013,4.999999999999994
3_44500,2013,1.9999999999999944
3_44600,2013,3.999999999999998
3_44700,2013,0.9999999999999984
3_44800,2013,2.999999999999995
3_44900,2013,6.0
3_4500,2013,2.999999999999997
3_45000,2013,1.9999999999999978
3_45200,2013,1.9999999999999967
3_45300,2013,8.999999999999996
3_45400,2013,4.999999999999999
3_45600,2013,0.9999999999999997
3_45800,2013,4.999999999999999
3_4600,2013,5.0
3_46000,2013,7.999999999999995
3_46201,2013,4.0
3_46202,2013,2.9999999999999987
3_46400,2013,1.9999999999999996
3_46800,2013,0.9999999999999989
3_4700,2013,2.999999999999995
3_47000,2013,0.0
3_47200,2013,0.0
3_47400,2013,0.0
3_47600,2013,3.999999999999998
3_47700,2013,0.9999999999999961
3_47800,2013,9.999999999999998
3_48000,2013,6.999999999999997
3_48100,2013,1.9999999999999993
3_48200,2013,13.999999999999991
3_48400,2013,4.9999999999999964
3_48500,2013,7.999999999999992
3_48600,2013,6.0
3_48800,2013,3.9999999999999987
3_48900,2013,1.0
3_4900,2013,0.0
3_49000,2013,9.999999999999998
3_49100,2013,18.99999999999999
3_49200,2013,10.0
3_49300,2013,15.0
3_49400,2013,6.999999999999993
3_49500,2013,8.999999999999996
3_49600,2013,6.0
3_49700,2013,5.999999999999994
3_49800,2013,1.999999999999997
3_49900,2013,0.0
3_5000,2013,0.9999999999999989
3_50000,2013,3.9999999999999996
3_50100,2013,0.0
3_502,2013,6.9999999999999964
3_50202,2013,0.0
3_50300,2013,5.999999999999999
3_50400,2013,0.0
3_50500,2013,1.9999999999999993
3_50600,2013,1.9999999999999978
3_50700,2013,6.0
3_50801,2013,5.999999999999996
3_50803,2013,0.9999999999999972
3_50804,2013,4.999999999999999
3_50900,2013,1.9999999999999993
3_5100,2013,0.9999999999999972
3_51001,2013,3.9999999999999956
3_51002,2013,8.999999999999996
3_51100,2013,0.0
3_51200,2013,7.0
3_51300,2013,15.999999999999996
3_51400,2013,5.999999999999998
3_51500,2013,3.0
3_51601,2013,8.0
3_51602,2013,4.0
3_51700,2013,2.9999999999999987
3_51800,2013,5.999999999999997
3_51900,2013,4.0
3_52000,2013,9.0
3_5201,2013,0.0
3_5202,2013,0.0
3_52300,2013,4.999999999999998
3_52500,2013,14.999999999999995
3_52600,2013,4.999999999999998
3_52700,2013,9.999999999999998
3_52800,2013,2.0
3_52900,2013,2.999999999999995
3_5300,2013,4.999999999999989
3_53000,2013,2.9999999999999964
3_53100,2013,8.0
3_53200,2013,4.0
3_53300,2013,5.999999999999999
3_53400,2013,1.999999999999998
3_53500,2013,6.0
3_53700,2013,8.999999999999996
3_53800,2013,6.9999999999999964
3_53900,2013,0.9999999999999997
3_5400,2013,0.0
3_54200,2013,0.0
3_54300,2013,0.9999999999999994
3_54400,2013,4.999999999999997
3_54500,2013,4.0
3_54600,2013,6.999999999999997
3_54700,2013,1.9999999999999982
3_54800,2013,3.9999999999999987
3_54900,2013,3.0
3_55000,2013,6.999999999999997
3_55100,2013,4.999999999999998
3_55200,2013,6.999999999999995
3_55300,2013,8.999999999999995
3_55400,2013,7.999999999999999
3_55500,2013,0.9999999999999943
3_55600,2013,6.999999999999999
3_55700,2013,2.9999999999999987
3_55800,2013,3.999999999999999
3_56000,2013,7.999999999999993
3_5601,2013,0.0
3_5602,2013,0.9999999999999999
3_56100,2013,3.9999999999999987
3_56200,2013,0.0
3_56300,2013,0.9999999999999989
3_56400,2013,0.999999999999999
3_56500,2013,0.0
3_56600,2013,0.9999999999999989
3_56800,2013,3.0
3_56900,2013,2.9999999999999996
3_57000,2013,13.0
3_57100,2013,3.9999999999999956
3_57200,2013,4.9999999999999964
3_57300,2013,1.999999999999997
3_57400,2013,0.9999999999999984
3_57500,2013,4.0
3_57600,2013,3.9999999999999987
3_57800,2013,5.0
3_57900,2013,6.999999999999985
3_5800,2013,3.9999999999999996
3_58000,2013,5.999999999999999
3_58200,2013,1.9999999999999991
3_58400,2013,4.999999999999996
3_58600,2013,2.9999999999999987
3_58800,2013,2.0
3_58900,2013,1.999999999999995
3_5900,2013,3.0
3_59000,2013,3.9999999999999987
3_59100,2013,0.9999999999999999
3_59200,2013,5.0
3_59300,2013,0.9999999999999983
3_59401,2013,6.999999999999993
3_59402,2013,6.999999999999999
3_59600,2013,1.999999999999998
3_59800,2013,2.0
3_6000,2013,3.0
3_60000,2013,6.999999999999996
3_60600,2013,8.999999999999996
3_60800,2013,6.9999999999999964
3_61002,2013,3.9999999999999996
3_61003,2013,4.0
3_61004,2013,2.999999999999997
3_61200,2013,0.0
3_61600,2013,0.0
3_6200,2013,0.9999999999999982
3_62000,2013,1.0
3_62200,2013,0.0
3_62600,2013,0.0
3_62800,2013,2.0
3_6300,2013,0.9999999999999989
3_63200,2013,1.9999999999999996
3_63600,2013,2.9999999999999987
3_63800,2013,1.0
3_6400,2013,4.999999999999996
3_64200,2013,2.999999999999998
3_64400,2013,0.0
3_64600,2013,2.0
3_64800,2013,0.0
3_6500,2013,5.0
3_65000,2013,0.9999999999999948
3_65200,2013,1.9999999999999978
3_65400,2013,1.0
3_65600,2013,0.0
3_65800,2013,2.9999999999999987
3_6600,2013,7.0
3_66000,2013,0.9999999999999997
3_66200,2013,8.999999999999988
3_66600,2013,0.0
3_6700,2013,2.9999999999999987
3_67000,2013,2.999999999999996
3_67200,2013,2.9999999999999996
3_67400,2013,1.9999999999999998
3_67600,2013,0.9999999999999999
3_67800,2013,0.0
3_6800,2013,9.999999999999996
3_68000,2013,1.9999999999999998
3_68200,2013,0.9999999999999984
3_68600,2013,0.9999999999999984
3_68800,2013,3.0
3_6900,2013,2.9999999999999996
3_69000,2013,0.0
3_69200,2013,6.9999999999999964
3_69601,2013,0.999999999999999
3_69602,2013,4.9999999999999964
3_69800,2013,1.9999999999999976
3_700,2013,3.9999999999999982
3_7000,2013,0.0
3_70201,2013,0.9999999999999983
3_70202,2013,1.9999999999999964
3_70600,2013,0.9999999999999989
3_7100,2013,0.9999999999999984
3_7200,2013,0.0
3_72000,2013,0.0
3_72200,2013,10.999999999999993
3_72400,2013,3.999999999999995
3_72600,2013,0.0
3_72800,2013,0.0
3_73000,2013,7.9999999999999964
3_73200,2013,0.9999999999999989
3_73400,2013,2.9999999999999987
3_73600,2013,1.9999999999999982
3_73800,2013,2.9999999999999987
3_7400,2013,6.0
3_74000,2013,3.9999999999999982
3_74200,2013,3.9999999999999987
3_74400,2013,2.0
3_74600,2013,3.9999999999999982
3_74800,2013,5.999999999999998
3_7500,2013,1.0
3_75000,2013,1.999999999999998
3_75200,2013,0.9999999999999989
3_75400,2013,0.0
3_75600,2013,1.9999999999999991
3_75800,2013,0.9999999999999976
3_7600,2013,10.999999999999991
3_76000,2013,3.999999999999996
3_76200,2013,7.0
3_76400,2013,1.9999999999999991
3_76600,2013,5.0
3_76800,2013,7.999999999999994
3_7700,2013,3.9999999999999947
3_77000,2013,3.999999999999996
3_77200,2013,6.0
3_77400,2013,5.9999999999999964
3_77600,2013,7.999999999999999
3_7800,2013,10.999999999999996
3_78000,2013,1.0
3_78200,2013,0.9999999999999988
3_78400,2013,3.0
3_78600,2013,19.999999999999993
3_78800,2013,3.0
3_79000,2013,10.999999999999993
3_79200,2013,6.0
3_79400,2013,5.999999999999992
3_79601,2013,1.9999999999999991
3_79602,2013,18.0
3_79801,2013,0.9999999999999996
3_79802,2013,4.999999999999998
3_8000,2013,3.9999999999999996
3_80000,2013,4.999999999999994
3_80200,2013,2.9999999999999964
3_80400,2013,10.999999999999998
3_80600,2013,4.999999999999999
3_80800,2013,18.999999999999993
3_81000,2013,1.999999999999998
3_81400,2013,7.0
3_81600,2013,1.9999999999999991
3_81800,2013,13.999999999999996
3_8200,2013,0.0
3_82000,2013,9.999999999999996
3_82200,2013,18.999999999999996
3_82400,2013,5.999999999999998
3_82600,2013,4.0
3_82800,2013,16.999999999999993
3_83000,2013,13.999999999999996
3_83200,2013,0.9999999999999996
3_83400,2013,0.0
3_83600,2013,0.9999999999999953
3_83800,2013,2.9999999999999987
3_8400,2013,7.999999999999992
3_84000,2013,3.999999999999994
3_84600,2013,4.9999999999999964
3_84800,2013,2.999999999999997
3_8500,2013,3.9999999999999996
3_85000,2013,1.9999999999999967
3_85200,2013,0.0
3_85400,2013,2.999999999999995
3_85600,2013,4.999999999999998
3_85800,2013,1.9999999999999993
3_8600,2013,2.0
3_86000,2013,2.9999999999999996
3_86200,2013,1.9999999999999991
3_86400,2013,5.999999999999999
3_86600,2013,2.999999999999997
3_86800,2013,13.999999999999986
3_87000,2013,2.999999999999997
3_87200,2013,1.9999999999999998
3_87401,2013,1.9999999999999993
3_87600,2013,1.999999999999997
3_87800,2013,2.9999999999999964
3_8800,2013,7.0
3_88000,2013,3.9999999999999956
3_88200,2013,2.0
3_88400,2013,10.999999999999996
3_88600,2013,6.999999999999994
3_88800,2013,10.999999999999991
3_89000,2013,6.999999999999999
3_89200,2013,16.0
3_89400,2013,5.999999999999998
3_89600,2013,8.999999999999998
3_89800,2013,1.9999999999999996
3_900,2013,9.999999999999988
3_9000,2013,0.9999999999999999
3_90000,2013,5.999999999999997
3_90200,2013,4.9999999999999964
3_90600,2013,10.0
3_90800,2013,9.999999999999993
3_91000,2013,8.999999999999998
3_91200,2013,8.999999999999996
3_91600,2013,3.9999999999999982
3_91800,2013,3.999999999999999
3_9200,2013,5.0
3_92000,2013,7.000000000000001
3_92200,2013,3.9999999999999925
3_92400,2013,4.999999999999999
3_92800,2013,4.999999999999997
3_93000,2013,3.999999999999996
3_93200,2013,4.999999999999995
3_93400,2013,3.0
3_93600,2013,2.999999999999995
3_93800,2013,1.9999999999999967
3_9400,2013,8.999999999999998
3_94401,2013,1.9999999999999998
3_94402,2013,1.0
3_94600,2013,4.999999999999999
3_95000,2013,5.999999999999998
3_95400,2013,9.999999999999995
3_95600,2013,3.9999999999999956
3_95800,2013,1.0
3_9600,2013,3.9999999999999982
3_96000,2013,2.0
3_96200,2013,1.999999999999997
3_96400,2013,7.999999999999999
3_96600,2013,5.999999999999996
3_96800,2013,8.0
3_97000,2013,1.9999999999999991
3_97400,2013,9.999999999999998
3_9800,2013,7.9999999999999964
3_98200,2013,11.999999999999996
3_98400,2013,0.9999999999999996
3_98600,2013,0.9999999999999989
3_98800,2013,0.9999999999999996
3_99000,2013,1.9999999999999978
3_99200,2013,0.9999999999999983
3_99400,2013,0.9999999999999999
3_99600,2013,0.0
3_99800,2013,0.9999999999999976
4_100,2013,1.9999999999999993
4_1000,2013,4.999999999999999
4_10000,2013,1.9999999999999978
4_100801,2013,0.0
4_100802,2013,10.999999999999988
4_10100,2013,3.0
4_101001,2013,9.999999999999995
4_101002,2013,0.0
4_101700,2013,5.999999999999994
4_10200,2013,1.9999999999999998
4_102900,2013,1.9999999999999993
4_10300,2013,1.9999999999999993
4_103201,2013,5.999999999999998
4_103202,2013,8.999999999999998
4_103300,2013,0.0
4_103900,2013,2.999999999999995
4_10400,2013,0.9999999999999976
4_104700,2013,1.9999999999999973
4_10500,2013,0.0
4_105900,2013,1.9999999999999998
4_10600,2013,3.9999999999999996
4_10701,2013,0.999999999999999
4_107201,2013,0.0
4_107202,2013,0.0
4_10800,2013,1.999999999999998
4_108500,2013,0.9999999999999997
4_109300,2013,0.0
4_109700,2013,0.0
4_109900,2013,0.9999999999999956
4_11000,2013,0.0
4_11100,2013,3.0
4_111300,2013,0.0
4_11200,2013,4.999999999999999
4_112300,2013,5.999999999999992
4_112900,2013,0.9999999999999996
4_11300,2013,2.9999999999999996
4_113300,2013,3.0
4_113900,2013,2.9999999999999973
4_11400,2013,2.9999999999999987
4_114100,2013,0.9999999999999997
4_114700,2013,2.0
4_11500,2013,4.999999999999998
4_115100,2013,0.0
4_115500,2013,1.9999999999999991
4_115700,2013,7.9999999999999964
4_115900,2013,0.9999999999999989
4_11600,2013,0.9999999999999996
4_116100,2013,7.999999999999997
4_116300,2013,17.999999999999996
4_116700,2013,0.9999999999999997
4_11700,2013,0.9999999999999997
4_117100,2013,5.999999999999995
4_117500,2013,3.999999999999996
4_11800,2013,2.999999999999997
4_118100,2013,7.0
4_118500,2013,4.999999999999998
4_118700,2013,3.0
4_118900,2013,0.0
4_11900,2013,3.0
4_119100,2013,1.9999999999999976
4_119300,2013,3.0
4_119500,2013,0.0
4_119900,2013,0.0
4_1200,2013,2.9999999999999964
4_12000,2013,4.999999999999997
4_120100,2013,4.999999999999997
4_120300,2013,1.9999999999999998
4_120500,2013,4.999999999999999
4_120700,2013,0.9999999999999976
4_12100,2013,1.9999999999999998
4_121100,2013,1.999999999999998
4_121500,2013,0.0
4_12200,2013,6.0
4_122300,2013,0.0
4_122701,2013,2.9999999999999987
4_122702,2013,1.9999999999999964
4_12301,2013,0.9999999999999964
4_12400,2013,4.0
4_124100,2013,0.9999999999999997
4_124700,2013,2.999999999999999
4_12500,2013,0.999999999999999
4_125700,2013,6.9999999999999964
4_12601,2013,0.0
4_12602,2013,0.0
4_126500,2013,4.0
4_126700,2013,3.999999999999992
4_127700,2013,3.0
4_12800,2013,0.0
4_128300,2013,0.0
4_129102,2013,1.9999999999999976
4_129103,2013,0.9999999999999999
4_129104,2013,0.0
4_13000,2013,2.9999999999999987
4_130100,2013,1.9999999999999976
4_13200,2013,6.999999999999999
4_133300,2013,3.9999999999999933
4_133900,2013,0.0
4_13400,2013,1.9999999999999991
4_134100,2013,4.999999999999998
4_134700,2013,0.999999999999994
4_13500,2013,0.0
4_13600,2013,0.0
4_136700,2013,0.9999999999999966
4_13700,2013,0.0
4_137700,2013,0.0
4_13800,2013,0.9999999999999984
4_138501,2013,5.999999999999997
4_138502,2013,6.0
4_139900,2013,0.9999999999999976
4_1400,2013,0.9999999999999969
4_14000,2013,0.0
4_140300,2013,0.0
4_140901,2013,1.9999999999999998
4_140902,2013,0.0
4_14100,2013,0.0
4_141700,2013,2.999999999999996
4_14201,2013,0.0
4_14202,2013,9.99999999999999
4_142900,2013,0.0
4_14300,2013,3.9999999999999982
4_143500,2013,0.0
4_14400,2013,0.9999999999999983
4_144100,2013,0.0
4_144700,2013,0.0
4_14500,2013,0.9999999999999996
4_145101,2013,0.9999999999999972
4_145102,2013,0.9999999999999997
4_145900,2013,0.0
4_146300,2013,3.9999999999999982
4_146700,2013,4.999999999999999
4_14700,2013,3.9999999999999956
4_147100,2013,7.0
4_147900,2013,0.9999999999999936
4_14800,2013,0.0
4_148300,2013,0.9999999999999996
4_14900,2013,3.0
4_15000,2013,1.9999999999999978
4_150701,2013,2.9999999999999925
4_150702,2013,1.0
4_15100,2013,3.0
4_15200,2013,1.9999999999999984
4_152901,2013,0.999999999999994
4_152902,2013,0.0
4_15300,2013,0.9999999999999996
4_15400,2013,1.9999999999999962
4_15500,2013,10.999999999999995
4_155102,2013,2.0
4_15600,2013,2.0
4_156700,2013,0.0
4_15700,2013,2.9999999999999964
4_157101,2013,3.9999999999999956
4_157102,2013,0.0
4_157901,2013,5.999999999999992
4_157902,2013,3.999999999999992
4_157903,2013,3.0
4_15801,2013,4.999999999999992
4_15802,2013,2.9999999999999996
4_15900,2013,8.0
4_1600,2013,0.0
4_16100,2013,3.999999999999999
4_161700,2013,0.0
4_162100,2013,2.9999999999999956
4_16300,2013,0.9999999999999984
4_16400,2013,1.999999999999998
4_16600,2013,6.999999999999998
4_16800,2013,2.999999999999998
4_16900,2013,2.999999999999998
4_17000,2013,0.0
4_17100,2013,10.999999999999982
4_17200,2013,1.9999999999999976
4_17400,2013,0.0
4_17600,2013,0.0
4_17800,2013,1.0
4_17900,2013,11.999999999999973
4_1800,2013,4.0
4_18000,2013,2.0
4_18101,2013,5.999999999999997
4_18102,2013,4.0
4_18200,2013,0.9999999999999997
4_18300,2013,9.999999999999996
4_18401,2013,4.9999999999999964
4_18402,2013,2.999999999999997
4_18501,2013,1.9999999999999998
4_18502,2013,3.9999999999999987
4_18600,2013,0.9999999999999996
4_18700,2013,0.0
4_18800,2013,0.0
4_18900,2013,4.999999999999998
4_1900,2013,6.999999999999983
4_19000,2013,8.999999999999998
4_19200,2013,1.9999999999999996
4_19400,2013,0.0
4_19600,2013,0.9999999999999984
4_19800,2013,1.999999999999997
4_19900,2013,4.999999999999992
4_200,2013,0.0
4_2000,2013,1.0
4_20200,2013,0.9999999999999953
4_20400,2013,9.0
4_20500,2013,0.0
4_20600,2013,0.0
4_20800,2013,4.999999999999995
4_21200,2013,9.0
4_21400,2013,8.999999999999993
4_21600,2013,8.999999999999993
4_21900,2013,1.9999999999999876
4_2200,2013,2.9999999999999987
4_22001,2013,0.9999999999999996
4_22002,2013,0.0
4_22900,2013,0.0
4_23000,2013,0.9999999999999997
4_23200,2013,1.999999999999997
4_23500,2013,6.999999999999999
4_23600,2013,7.0
4_23800,2013,9.999999999999995
4_2400,2013,0.0
4_24000,2013,10.999999999999996
4_24300,2013,5.999999999999993
4_24500,2013,0.9999999999999976
4_24600,2013,11.0
4_24700,2013,3.999999999999999
4_24900,2013,6.0
4_2500,2013,1.9999999999999991
4_25100,2013,4.999999999999999
4_25301,2013,16.0
4_25302,2013,4.999999999999998
4_25400,2013,3.999999999999996
4_25500,2013,1.9999999999999951
4_25700,2013,2.999999999999998
4_25800,2013,4.999999999999998
4_25900,2013,4.999999999999994
4_2600,2013,0.0
4_26000,2013,0.9999999999999997
4_26100,2013,3.9999999999999956
4_26200,2013,7.0
4_26300,2013,7.999999999999997
4_26400,2013,1.9999999999999984
4_26500,2013,0.9999999999999999
4_26600,2013,0.0
4_26700,2013,6.999999999999995
4_26901,2013,5.999999999999997
4_26902,2013,6.999999999999998
4_27000,2013,0.9999999999999972
4_27100,2013,13.0
4_27200,2013,2.999999999999999
4_27300,2013,4.999999999999997
4_27400,2013,0.0
4_27500,2013,6.0
4_27600,2013,0.9999999999999996
4_27700,2013,6.0
4_27800,2013,1.0
4_27900,2013,6.0
4_2800,2013,1.999999999999997
4_28000,2013,0.0
4_28100,2013,6.0
4_28200,2013,1.0
4_28300,2013,5.999999999999989
4_28400,2013,0.9999999999999988
4_28500,2013,0.9999999999999936
4_28700,2013,8.999999999999995
4_28800,2013,7.999999999999999
4_28900,2013,16.0
4_29100,2013,5.999999999999989
4_29300,2013,0.0
4_29400,2013,7.99999999999998
4_29500,2013,3.0
4_29700,2013,2.9999999999999973
4_29900,2013,0.0
4_30600,2013,8.0
4_30902,2013,5.999999999999993
4_30903,2013,6.0
4_30904,2013,2.9999999999999907
4_3100,2013,6.999999999999996
4_31700,2013,1.9999999999999902
4_3200,2013,4.9999999999999964
4_32000,2013,7.999999999999992
4_32700,2013,4.9999999999999964
4_32800,2013,2.9999999999999987
4_32900,2013,8.0
4_3300,2013,9.999999999999991
4_33000,2013,0.9999999999999997
4_33100,2013,0.0
4_33401,2013,3.999999999999998
4_33402,2013,10.999999999999993
4_33700,2013,3.9999999999999982
4_33900,2013,0.0
4_3400,2013,2.0
4_34700,2013,1.999999999999995
4_35100,2013,2.999999999999998
4_35200,2013,5.999999999999997
4_35300,2013,6.999999999999995
4_35700,2013,1.9999999999999987
4_35800,2013,1.999999999999998
4_3600,2013,0.0
4_36100,2013,2.9999999999999987
4_36300,2013,5.0
4_36500,2013,5.999999999999994
4_36600,2013,2.999999999999995
4_36700,2013,1.9999999999999998
4_36800,2013,0.9999999999999996
4_3700,2013,0.0
4_37100,2013,0.0
4_37300,2013,5.999999999999993
4_37500,2013,7.9999999999999964
4_37600,2013,1.0
4_37700,2013,8.0
4_37900,2013,8.999999999999996
4_3800,2013,6.999999999999997
4_38100,2013,3.999999999999991
4_38301,2013,3.999999999999996
4_38302,2013,5.999999999999997
4_38400,2013,3.9999999999999964
4_3900,2013,2.9999999999999996
4_39400,2013,5.999999999999999
4_39800,2013,3.0
4_39900,2013,3.0
4_400,2013,0.9999999999999976
4_40000,2013,1.999999999999998
4_4001,2013,0.999999999999999
4_4002,2013,3.999999999999998
4_40100,2013,6.999999999999999
4_40200,2013,0.9999999999999989
4_40300,2013,3.9999999999999996
4_40400,2013,0.9999999999999996
4_40500,2013,6.999999999999998
4_40700,2013,2.9999999999999987
4_40900,2013,5.999999999999999
4_41100,2013,5.999999999999998
4_41300,2013,7.0
4_41400,2013,0.0
4_41500,2013,0.9999999999999976
4_4200,2013,0.0
4_42400,2013,0.9999999999999997
4_42600,2013,0.0
4_42700,2013,0.0
4_4300,2013,3.9999999999999956
4_43200,2013,3.9999999999999982
4_43400,2013,1.9999999999999998
4_43701,2013,0.999999999999999
4_43702,2013,0.0
4_43900,2013,1.9999999999999964
4_44000,2013,4.999999999999998
4_4401,2013,4.999999999999997
4_44301,2013,0.9999999999999982
4_44302,2013,5.0
4_44400,2013,9.999999999999993
4_44601,2013,32.99999999999999
4_44602,2013,10.999999999999995
4_44800,2013,0.9999999999999996
4_4500,2013,10.999999999999996
4_45000,2013,1.9999999999999993
4_45200,2013,0.9999999999999999
4_45400,2013,2.999999999999992
4_45500,2013,4.999999999999998
4_45600,2013,0.0
4_45700,2013,2.999999999999998
4_45800,2013,8.999999999999998
4_45900,2013,0.9999999999999984
4_46000,2013,14.999999999999993
4_46100,2013,2.999999999999998
4_46200,2013,5.999999999999994
4_46300,2013,0.999999999999999
4_46400,2013,0.0
4_46500,2013,0.9999999999999983
4_46600,2013,4.0
4_46700,2013,2.9999999999999996
4_46800,2013,11.999999999999993
4_46900,2013,12.0
4_4700,2013,5.999999999999997
4_47000,2013,3.999999999999996
4_47100,2013,7.0
4_47200,2013,0.999999999999999
4_47300,2013,15.999999999999995
4_47500,2013,11.999999999999993
4_47600,2013,0.0
4_47800,2013,9.0
4_47900,2013,3.9999999999999947
4_48000,2013,0.0
4_48100,2013,3.9999999999999982
4_48200,2013,1.0
4_48300,2013,0.999999999999999
4_48400,2013,4.999999999999994
4_48500,2013,6.99999999999999
4_48900,2013,2.0
4_49200,2013,3.999999999999996
4_49301,2013,0.0
4_49302,2013,6.999999999999997
4_49500,2013,0.0
4_49600,2013,0.9999999999999974
4_49700,2013,0.0
4_49900,2013,4.999999999999994
4_5000,2013,0.0
4_50000,2013,7.999999999999997
4_50201,2013,0.0
4_50202,2013,0.0
4_50400,2013,1.9999999999999996
4_50500,2013,0.0
4_50600,2013,0.0
4_50700,2013,0.0
4_50800,2013,0.0
4_5100,2013,0.9999999999999984
4_51000,2013,0.9999999999999996
4_51100,2013,1.0
4_51200,2013,3.9999999999999933
4_51300,2013,0.0
4_51500,2013,1.0
4_51600,2013,0.9999999999999989
4_51700,2013,2.9999999999999947
4_51800,2013,1.999999999999998
4_5200,2013,0.0
4_52000,2013,0.0
4_52100,2013,3.9999999999999982
4_52200,2013,3.0
4_52400,2013,0.9999999999999997
4_52500,2013,0.0
4_52600,2013,1.9999999999999993
4_52800,2013,4.999999999999997
4_5300,2013,5.0
4_53000,2013,0.0
4_53100,2013,0.0
4_53200,2013,1.9999999999999982
4_53401,2013,2.9999999999999996
4_53500,2013,4.999999999999998
4_53601,2013,0.0
4_53800,2013,0.0
4_53900,2013,4.999999999999995
4_5400,2013,8.99999999999999
4_54000,2013,7.9999999999999964
4_54200,2013,0.9999999999999964
4_54500,2013,0.9999999999999989
4_54700,2013,3.999999999999999
4_54800,2013,2.0
4_54900,2013,4.999999999999996
4_5500,2013,4.999999999999997
4_55100,2013,6.9999999999999964
4_55200,2013,9.999999999999995
4_55300,2013,7.999999999999995
4_55400,2013,0.9999999999999989
4_55500,2013,4.0
4_55600,2013,0.0
4_55700,2013,5.999999999999994
4_55800,2013,1.0
4_55900,2013,1.9999999999999998
4_56000,2013,0.0
4_56100,2013,1.0
4_56200,2013,0.0
4_56400,2013,0.9999999999999982
4_56500,2013,0.9999999999999953
4_56600,2013,2.9999999999999987
4_56700,2013,0.9999999999999997
4_56800,2013,7.999999999999992
4_5700,2013,2.9999999999999987
4_57700,2013,0.999999999999999
4_57900,2013,1.9999999999999991
4_5800,2013,1.0
4_58000,2013,2.9999999999999996
4_58100,2013,2.0
4_58200,2013,0.9999999999999983
4_58300,2013,5.999999999999996
4_58500,2013,1.9999999999999993
4_58700,2013,0.0
4_58900,2013,4.0
4_5900,2013,0.9999999999999996
4_59000,2013,0.0
4_59100,2013,0.9999999999999988
4_59200,2013,0.0
4_59300,2013,0.0
4_59400,2013,0.0
4_59500,2013,4.999999999999998
4_59600,2013,0.0
4_59800,2013,3.0
4_59900,2013,0.0
4_600,2013,5.999999999999998
4_60000,2013,0.0
4_60100,2013,1.9999999999999978
4_60300,2013,1.9999999999999973
4_60600,2013,1.9999999999999991
4_60701,2013,0.0
4_60800,2013,1.999999999999997
4_6100,2013,10.999999999999998
4_61000,2013,0.0
4_61200,2013,0.9999999999999989
4_61301,2013,9.99999999999999
4_61302,2013,0.999999999999999
4_61400,2013,0.0
4_61601,2013,0.0
4_61602,2013,1.999999999999998
4_61800,2013,4.999999999999997
4_61900,2013,0.0
4_62000,2013,0.0
4_6201,2013,2.9999999999999996
4_6202,2013,3.0
4_62100,2013,1.9999999999999953
4_62200,2013,2.9999999999999987
4_62300,2013,0.9999999999999989
4_62400,2013,1.9999999999999991
4_62500,2013,3.0
4_62600,2013,2.9999999999999996
4_62700,2013,0.0
4_62900,2013,0.9999999999999976
4_6300,2013,5.999999999999996
4_63000,2013,1.9999999999999993
4_63200,2013,5.999999999999996
4_63301,2013,0.9999999999999989
4_63302,2013,0.0
4_63500,2013,0.0
4_63700,2013,4.999999999999997
4_63800,2013,2.999999999999997
4_63900,2013,2.0
4_64102,2013,4.999999999999987
4_64500,2013,0.0
4_64600,2013,0.0
4_65000,2013,0.0
4_6501,2013,1.9999999999999993
4_6502,2013,9.0
4_65400,2013,11.999999999999991
4_65501,2013,3.9999999999999996
4_65600,2013,3.9999999999999982
4_65702,2013,0.999999999999999
4_65703,2013,0.9999999999999989
4_65900,2013,1.0
4_66000,2013,0.9999999999999983
4_66100,2013,0.0
4_66300,2013,0.0
4_66400,2013,0.0
4_66501,2013,0.9999999999999989
4_66701,2013,2.999999999999998
4_66900,2013,2.0
4_67100,2013,3.9999999999999996
4_67700,2013,0.9999999999999983
4_67900,2013,3.9999999999999942
4_68000,2013,2.999999999999978
4_68200,2013,0.0
4_68300,2013,11.999999999999993
4_68700,2013,7.999999999999992
4_6900,2013,2.0
4_69000,2013,0.0
4_69300,2013,3.999999999999996
4_69400,2013,4.999999999999998
4_69500,2013,3.9999999999999987
4_69701,2013,4.999999999999998
4_69702,2013,2.999999999999996
4_700,2013,11.999999999999991
4_70300,2013,0.9999999999999999
4_70700,2013,0.0
4_70900,2013,0.0
4_7100,2013,12.0
4_71100,2013,8.999999999999998
4_71303,2013,1.9999999999999993
4_71304,2013,4.999999999999997
4_71305,2013,0.9999999999999997
4_71306,2013,1.9999999999999991
4_71600,2013,1.0
4_71701,2013,13.999999999999993
4_71702,2013,3.999999999999998
4_71900,2013,1.999999999999998
4_72100,2013,0.0
4_72300,2013,0.9999999999999999
4_72900,2013,3.0
4_7300,2013,4.999999999999998
4_73100,2013,0.0
4_73700,2013,6.999999999999999
4_73900,2013,15.999999999999995
4_74100,2013,0.9999999999999997
4_74300,2013,6.999999999999999
4_74500,2013,5.0
4_74700,2013,0.9999999999999997
4_74900,2013,1.9999999999999991
4_7500,2013,0.0
4_75701,2013,1.999999999999995
4_75702,2013,1.9999999999999976
4_76901,2013,0.0
4_76902,2013,1.9999999999999982
4_7700,2013,3.999999999999999
4_77500,2013,1.9999999999999967
4_77902,2013,5.9999999999999964
4_77903,2013,0.0
4_77904,2013,3.0
4_77905,2013,1.9999999999999976
4_77906,2013,6.9999999999999964
4_77907,2013,0.9999999999999999
4_77908,2013,1.9999999999999993
4_78800,2013,0.9999999999999983
4_7900,2013,0.0
4_79000,2013,0.0
4_79200,2013,0.9999999999999989
4_79701,2013,5.999999999999998
4_79702,2013,15.99999999999999
4_79900,2013,8.999999999999996
4_800,2013,0.0
4_80301,2013,3.0
4_80302,2013,3.9999999999999996
4_80900,2013,10.999999999999991
4_8100,2013,0.0
4_81400,2013,0.9999999999999926
4_81800,2013,0.9999999999999969
4_8300,2013,0.9999999999999976
4_83700,2013,0.9999999999999988
4_83800,2013,1.0
4_84000,2013,3.9999999999999982
4_84500,2013,7.999999999999997
4_84601,2013,0.0
4_84602,2013,3.9999999999999845
4_84900,2013,10.0
4_8500,2013,1.9999999999999991
4_85300,2013,23.0
4_85500,2013,6.999999999999998
4_85700,2013,4.0
4_85900,2013,0.0
4_8600,2013,6.999999999999988
4_86100,2013,1.9999999999999993
4_86300,2013,2.9999999999999996
4_86400,2013,1.9999999999999978
4_86500,2013,3.9999999999999973
4_86900,2013,21.0
4_8700,2013,4.999999999999998
4_87100,2013,29.99999999999999
4_8800,2013,4.0
4_88400,2013,8.999999999999998
4_88901,2013,8.999999999999995
4_89200,2013,0.9999999999999983
4_90700,2013,1.9999999999999976
4_9100,2013,0.9999999999999997
4_91601,2013,0.0
4_91900,2013,3.999999999999998
4_92200,2013,0.0
4_92500,2013,3.9999999999999947
4_92900,2013,4.999999999999998
4_93401,2013,0.0
4_93402,2013,0.0
4_93800,2013,5.999999999999996
4_93900,2013,3.9999999999999982
4_9400,2013,0.9999999999999976
4_94201,2013,1.0
4_94202,2013,3.999999999999995
4_94203,2013,0.0
4_94500,2013,0.0
4_94700,2013,1.0
4_9500,2013,0.9999999999999988
4_95400,2013,2.9999999999999987
4_9600,2013,0.999999999999999
4_96400,2013,4.999999999999996
4_9700,2013,0.9999999999999996
4_97202,2013,0.0
4_97203,2013,3.0
4_97204,2013,4.999999999999999
4_97300,2013,0.0
4_9800,2013,14.0
4_98100,2013,2.999999999999996
4_98700,2013,0.9999999999999976
4_9900,2013,0.9999999999999996
4_99100,2013,0.9999999999999984
4_99200,2013,1.9999999999999962
4_99701,2013,0.0
4_99703,2013,1.9999999999999996
4_99704,2013,7.999999999999996
4_99705,2013,0.0
4_99801,2013,4.999999999999998
4_99802,2013,5.999999999999997
5_10500,2013,13.999999999999995
5_1100,2013,6.999999999999998
5_11201,2013,6.999999999999988
5_11202,2013,2.99999999999999
5_11401,2013,3.0
5_11402,2013,1.9999999999999967
5_12100,2013,3.9999999999999933
5_12200,2013,0.999999999999999
5_12500,2013,3.9999999999999947
5_12804,2013,2.9999999999999956
5_12805,2013,3.0
5_12806,2013,5.9999999999999964
5_13201,2013,0.0
5_13203,2013,3.9999999999999996
5_13204,2013,2.999999999999992
5_13302,2013,4.0
5_13400,2013,2.0
5_13800,2013,0.999999999999988
5_14100,2013,2.9999999999999996
5_14604,2013,0.999999999999995
5_14605,2013,0.0
5_14606,2013,0.999999999999999
5_14607,2013,1.9999999999999956
5_14608,2013,0.0
5_14700,2013,1.9999999999999956
5_15100,2013,1.9999999999999991
5_15400,2013,0.0
5_15601,2013,2.9999999999999964
5_15602,2013,0.9999999999999953
5_15603,2013,4.999999999999997
5_16901,2013,4.999999999999987
5_1700,2013,3.9999999999999982
5_17005,2013,0.0
5_17007,2013,1.9999999999999978
5_17008,2013,0.9999999999999946
5_17009,2013,0.0
5_17010,2013,0.9999999999999988
5_17011,2013,0.9999999999999996
5_17012,2013,6.999999999999998
5_17300,2013,0.0
5_17600,2013,0.0
5_17700,2013,7.999999999999984
5_1800,2013,0.0
5_18100,2013,1.0
5_18701,2013,1.9999999999999956
5_18702,2013,0.0
5_19800,2013,3.9999999999999956
5_2001,2013,0.0
5_2002,2013,4.9999999999999964
5_20801,2013,0.9999999999999997
5_20803,2013,1.9999999999999953
5_20804,2013,3.999999999999995
5_2100,2013,11.999999999999986
5_22600,2013,0.9999999999999993
5_22800,2013,3.9999999999999973
5_24401,2013,3.999999999999998
5_24402,2013,0.0
5_24800,2013,3.999999999999995
5_2700,2013,1.0
5_27900,2013,0.0
5_2900,2013,9.999999999999995
5_300,2013,9.999999999999998
5_3300,2013,3.9999999999999996
5_3600,2013,0.9999999999999989
5_3900,2013,0.9999999999999989
5_4000,2013,5.99999999999999
5_4700,2013,3.0
5_5000,2013,6.0
5_5900,2013,5.999999999999999
5_600,2013,2.999999999999995
5_6400,2013,1.9999999999999978
5_6700,2013,1.0
5_700,2013,3.9999999999999956
5_7000,2013,8.0
5_7400,2013,0.9999999999999956
5_7500,2013,8.999999999999993
5_7700,2013,2.0
5_800,2013,2.999999999999997
5_8100,2013,1.9999999999999991
5_900,2013,1.9999999999999993
5_9601,2013,4.999999999999992
5_9602,2013,4.0
5_9700,2013,0.999999999999994
1_10000,2014,9.0
1_1001,2014,0.9999999999999996
1_1002,2014,2.9999999999999987
1_10100,2014,23.0
1_10200,2014,10.999999999999984
1_10300,2014,11.999999999999993
1_10400,2014,3.9999999999999987
1_10601,2014,9.999999999999991
1_10602,2014,8.0
1_10800,2014,7.999999999999998
1_10900,2014,28.0
1_11000,2014,26.99999999999994
1_11100,2014,8.99999999999998
1_11201,2014,8.999999999999993
1_11202,2014,9.999999999999996
1_11203,2014,11.0
1_11300,2014,29.0
1_11401,2014,6.999999999999993
1_11402,2014,11.99999999999998
1_11500,2014,38.999999999999936
1_11600,2014,6.0
1_11700,2014,1.9999999999999811
1_11800,2014,14.999999999999998
1_11900,2014,24.999999999999996
1_1200,2014,4.999999999999997
1_12000,2014,8.0
1_12100,2014,17.999999999999982
1_12200,2014,4.999999999999989
1_12400,2014,8.999999999999993
1_12500,2014,15.999999999999964
1_12600,2014,4.999999999999994
1_12700,2014,14.999999999999984
1_12800,2014,13.999999999999986
1_12900,2014,19.999999999999957
1_1300,2014,11.999999999999986
1_13000,2014,6.999999999999993
1_13100,2014,12.999999999999973
1_13200,2014,5.9999999999999964
1_13300,2014,10.999999999999988
1_13400,2014,13.999999999999991
1_13500,2014,18.999999999999996
1_13600,2014,5.0
1_13700,2014,18.999999999999996
1_13800,2014,5.0
1_13900,2014,16.999999999999996
1_14000,2014,12.99999999999999
1_1401,2014,1.9999999999999978
1_1402,2014,7.999999999999996
1_14200,2014,10.0
1_14300,2014,28.99999999999997
1_14401,2014,5.999999999999997
1_14402,2014,5.999999999999996
1_14500,2014,7.000000000000001
1_14601,2014,1.9999999999999993
1_14602,2014,4.0
1_14700,2014,4.9999999999999964
1_14801,2014,7.999999999999992
1_14802,2014,4.999999999999999
1_14900,2014,13.0
1_15001,2014,0.9999999999999997
1_15002,2014,6.999999999999999
1_1501,2014,7.99999999999999
1_1502,2014,7.0
1_15100,2014,3.9999999999999933
1_15200,2014,2.999999999999997
1_15300,2014,10.999999999999998
1_15400,2014,3.9999999999999956
1_15500,2014,3.0
1_15601,2014,9.999999999999996
1_15602,2014,4.0
1_15700,2014,1.999999999999997
1_15801,2014,4.999999999999993
1_15802,2014,8.999999999999993
1_15900,2014,7.999999999999991
1_1600,2014,12.999999999999982
1_16001,2014,3.999999999999995
1_16002,2014,1.9999999999999993
1_16100,2014,1.9999999999999907
1_16200,2014,5.999999999999992
1_16300,2014,1.9999999999999998
1_16400,2014,10.999999999999998
1_16500,2014,3.999999999999996
1_16600,2014,6.999999999999992
1_16700,2014,6.9999999999999964
1_16800,2014,6.999999999999996
1_16900,2014,3.9999999999999996
1_17000,2014,9.0
1_17100,2014,5.0
1_17200,2014,7.999999999999989
1_17300,2014,6.0
1_17401,2014,5.999999999999998
1_17402,2014,1.9999999999999978
1_17500,2014,6.999999999999993
1_17700,2014,4.999999999999999
1_17800,2014,6.999999999999999
1_17900,2014,9.999999999999996
1_1800,2014,32.999999999999964
1_18000,2014,21.999999999999996
1_18100,2014,10.999999999999993
1_18200,2014,15.999999999999991
1_18300,2014,13.999999999999986
1_18400,2014,6.999999999999989
1_18500,2014,2.9999999999999987
1_18600,2014,2.0
1_18700,2014,2.9999999999999973
1_18800,2014,4.999999999999995
1_18900,2014,6.999999999999994
1_19000,2014,2.0
1_19100,2014,5.0
1_19200,2014,1.0
1_19300,2014,8.999999999999995
1_19400,2014,6.0
1_19500,2014,6.999999999999993
1_19600,2014,34.0
1_19701,2014,2.9999999999999982
1_19702,2014,2.0
1_19800,2014,13.0
1_19900,2014,0.0
1_2000,2014,4.0
1_20000,2014,9.999999999999993
1_201,2014,1.9999999999999998
1_20101,2014,0.0
1_20102,2014,5.0
1_202,2014,1.9999999999999998
1_20300,2014,1.999999999999998
1_20500,2014,2.999999999999997
1_20600,2014,7.999999999999994
1_20800,2014,2.999999999999998
1_20901,2014,22.99999999999999
1_2100,2014,15.999999999999977
1_21000,2014,0.0
1_21100,2014,3.9999999999999933
1_21200,2014,12.999999999999998
1_21303,2014,3.999999999999998
1_21400,2014,5.0
1_21500,2014,1.9999999999999978
1_21600,2014,4.999999999999995
1_21703,2014,3.9999999999999987
1_21800,2014,8.0
1_21900,2014,8.999999999999996
1_22000,2014,7.9999999999999964
1_2201,2014,12.999999999999993
1_2202,2014,4.999999999999997
1_22102,2014,10.999999999999995
1_22200,2014,9.99999999999999
1_22301,2014,5.999999999999998
1_22302,2014,2.9999999999999996
1_22400,2014,8.999999999999993
1_22500,2014,6.999999999999997
1_22600,2014,6.0
1_22700,2014,0.9999999999999988
1_22800,2014,9.0
1_22900,2014,7.999999999999994
1_23000,2014,7.0
1_23100,2014,5.999999999999998
1_23200,2014,10.999999999999991
1_23300,2014,6.999999999999996
1_23400,2014,3.0
1_23501,2014,4.999999999999997
1_23502,2014,1.9999999999999991
1_23600,2014,9.999999999999996
1_23700,2014,6.0
1_23900,2014,0.9999999999999976
1_2400,2014,0.9999999999999999
1_24000,2014,3.0
1_24100,2014,4.999999999999999
1_24200,2014,8.999999999999996
1_24301,2014,3.9999999999999987
1_24500,2014,18.999999999999996
1_24700,2014,3.0
1_24900,2014,3.9999999999999996
1_2500,2014,2.0
1_25100,2014,4.0
1_25300,2014,12.0
1_25500,2014,2.9999999999999956
1_25700,2014,6.0
1_25900,2014,4.999999999999997
1_2601,2014,4.999999999999997
1_2602,2014,5.999999999999996
1_26100,2014,6.999999999999993
1_26300,2014,11.0
1_26500,2014,10.999999999999995
1_26700,2014,0.0
1_26900,2014,13.0
1_2700,2014,3.9999999999999996
1_27100,2014,7.999999999999991
1_27300,2014,0.9999999999999984
1_27500,2014,0.0
1_27700,2014,0.0
1_27900,2014,11.999999999999996
1_2800,2014,4.999999999999995
1_28100,2014,0.0
1_28300,2014,1.9999999999999978
1_28500,2014,1.9999999999999978
1_28700,2014,4.999999999999997
1_2900,2014,11.999999999999982
1_29100,2014,7.999999999999998
1_29300,2014,6.999999999999993
1_29500,2014,7.999999999999995
1_29700,2014,0.0
1_29900,2014,5.999999999999997
1_3001,2014,6.999999999999998
1_3002,2014,2.9999999999999987
1_30300,2014,5.999999999999995
1_30700,2014,1.0
1_3100,2014,19.999999999999996
1_31100,2014,2.9999999999999925
1_31703,2014,5.999999999999992
1_31704,2014,1.999999999999997
1_3200,2014,21.999999999999993
1_3300,2014,15.999999999999979
1_3400,2014,15.999999999999995
1_3601,2014,5.999999999999994
1_3602,2014,6.9999999999999964
1_3700,2014,16.999999999999986
1_3800,2014,8.999999999999996
1_3900,2014,8.999999999999995
1_4000,2014,29.99999999999997
1_4100,2014,22.999999999999968
1_4200,2014,7.0
1_4300,2014,13.999999999999988
1_4400,2014,0.9999999999999988
1_4500,2014,6.999999999999993
1_4700,2014,7.999999999999984
1_4800,2014,10.999999999999991
1_4900,2014,14.999999999999984
1_5000,2014,8.999999999999995
1_5200,2014,12.999999999999982
1_5400,2014,10.999999999999996
1_5501,2014,7.999999999999997
1_5502,2014,10.99999999999999
1_5600,2014,15.999999999999988
1_5700,2014,1.9999999999999993
1_5800,2014,12.99999999999999
1_5900,2014,5.999999999999997
1_600,2014,10.999999999999996
1_6000,2014,3.999999999999998
1_6100,2014,9.999999999999998
1_6200,2014,7.999999999999991
1_6300,2014,16.99999999999999
1_6400,2014,8.999999999999986
1_6500,2014,5.99999999999999
1_6600,2014,13.999999999999991
1_6700,2014,11.999999999999993
1_6800,2014,29.99999999999998
1_6900,2014,6.9999999999999885
1_700,2014,6.999999999999989
1_7000,2014,12.0
1_7100,2014,9.999999999999993
1_7200,2014,24.99999999999998
1_7300,2014,11.999999999999998
1_7400,2014,12.0
1_7500,2014,0.0
1_7600,2014,18.99999999999999
1_7700,2014,4.9999999999999885
1_7800,2014,25.99999999999999
1_7900,2014,3.9999999999999964
1_800,2014,17.0
1_8000,2014,17.999999999999993
1_8100,2014,5.99999999999999
1_8200,2014,30.99999999999999
1_8300,2014,7.99999999999998
1_8400,2014,15.999999999999982
1_8601,2014,0.0
1_8603,2014,7.0
1_8700,2014,14.999999999999986
1_8800,2014,19.999999999999993
1_8900,2014,1.9999999999999973
1_900,2014,6.999999999999997
1_9000,2014,14.999999999999993
1_9100,2014,10.999999999999995
1_9200,2014,15.99999999999999
1_9300,2014,3.999999999999995
1_9400,2014,14.999999999999995
1_9500,2014,13.0
1_9600,2014,13.999999999999973
1_9700,2014,3.9999999999999836
1_9800,2014,10.0
1_9900,2014,14.999999999999948
2_11000,2014,0.0
2_11502,2014,1.9999999999999951
2_11700,2014,3.9999999999999933
2_11800,2014,1.9999999999999993
2_11900,2014,11.0
2_12101,2014,3.9999999999999982
2_12102,2014,1.0
2_12300,2014,5.999999999999997
2_12500,2014,2.9999999999999996
2_12701,2014,7.9999999999999964
2_12901,2014,4.999999999999997
2_13000,2014,0.0
2_13100,2014,3.0
2_13200,2014,3.0
2_13300,2014,4.999999999999998
2_13500,2014,3.9999999999999956
2_13800,2014,2.0
2_14100,2014,6.999999999999998
2_14300,2014,1.0
2_14400,2014,0.9999999999999997
2_14500,2014,4.999999999999998
2_14701,2014,6.9999999999999964
2_14702,2014,2.0
2_14900,2014,4.0
2_15100,2014,3.9999999999999956
2_15200,2014,4.999999999999995
2_15300,2014,3.9999999999999982
2_15500,2014,0.9999999999999984
2_15700,2014,0.0
2_15800,2014,3.999999999999999
2_15900,2014,7.999999999999993
2_1600,2014,6.999999999999996
2_16000,2014,0.9999999999999983
2_16100,2014,3.0
2_16200,2014,0.0
2_16300,2014,5.999999999999998
2_16400,2014,0.9999999999999989
2_16500,2014,2.9999999999999996
2_16600,2014,0.0
2_16700,2014,4.0
2_16900,2014,7.0
2_17100,2014,0.0
2_17300,2014,3.0
2_17500,2014,7.0
2_17701,2014,5.999999999999997
2_17702,2014,0.0
2_17901,2014,3.9999999999999982
2_17902,2014,3.9999999999999996
2_18101,2014,0.9999999999999984
2_18102,2014,10.0
2_18302,2014,6.999999999999999
2_18400,2014,3.999999999999998
2_18500,2014,14.999999999999996
2_18900,2014,3.999999999999997
2_1900,2014,11.999999999999975
2_19300,2014,1.9999999999999978
2_19400,2014,0.0
2_19500,2014,6.999999999999993
2_19700,2014,9.999999999999995
2_19900,2014,5.0
2_200,2014,1.9999999999999978
2_2000,2014,5.999999999999998
2_20000,2014,14.0
2_20100,2014,4.999999999999996
2_20200,2014,4.999999999999999
2_20400,2014,0.0
2_20501,2014,1.9999999999999993
2_20601,2014,5.999999999999997
2_20900,2014,2.999999999999999
2_21001,2014,1.9999999999999991
2_21002,2014,3.0
2_21100,2014,3.9999999999999947
2_21200,2014,3.9999999999999982
2_21301,2014,3.0
2_21302,2014,2.0
2_21501,2014,0.9999999999999996
2_21502,2014,1.9999999999999982
2_21601,2014,3.999999999999999
2_21602,2014,9.999999999999993
2_21700,2014,7.9999999999999964
2_21800,2014,0.0
2_21900,2014,10.999999999999996
2_22000,2014,6.9999999999999964
2_22101,2014,1.9999999999999993
2_22102,2014,0.0
2_22200,2014,4.999999999999995
2_22300,2014,9.999999999999998
2_22401,2014,0.9999999999999966
2_22403,2014,0.0
2_22404,2014,4.999999999999999
2_22500,2014,6.999999999999997
2_22701,2014,1.999999999999998
2_22702,2014,4.999999999999998
2_22703,2014,0.0
2_22800,2014,1.9999999999999993
2_22901,2014,2.999999999999997
2_22902,2014,4.999999999999998
2_2300,2014,1.9999999999999991
2_23000,2014,0.9999999999999983
2_23100,2014,0.0
2_23200,2014,2.0
2_23301,2014,11.999999999999995
2_23302,2014,4.0
2_23501,2014,2.9999999999999987
2_23502,2014,1.9999999999999991
2_23600,2014,0.0
2_23702,2014,5.999999999999994
2_23703,2014,11.999999999999996
2_23704,2014,4.999999999999998
2_23800,2014,0.0
2_23900,2014,14.999999999999998
2_2400,2014,0.0
2_24000,2014,6.999999999999996
2_24100,2014,10.999999999999996
2_24300,2014,0.9999999999999997
2_24400,2014,2.999999999999997
2_24501,2014,3.9999999999999987
2_24502,2014,1.9999999999999998
2_24600,2014,0.0
2_24700,2014,0.0
2_24800,2014,0.9999999999999969
2_2500,2014,4.999999999999998
2_25000,2014,4.0
2_25100,2014,8.999999999999995
2_25200,2014,0.999999999999999
2_25300,2014,4.0
2_25400,2014,1.9999999999999991
2_25500,2014,1.9999999999999998
2_25600,2014,0.999999999999999
2_25700,2014,0.9999999999999997
2_26100,2014,0.0
2_26300,2014,12.999999999999996
2_26400,2014,7.999999999999993
2_26500,2014,32.0
2_26601,2014,0.9999999999999997
2_26602,2014,11.999999999999996
2_26701,2014,4.999999999999997
2_26702,2014,1.9999999999999982
2_26900,2014,6.999999999999991
2_2701,2014,1.0
2_2702,2014,6.0
2_27300,2014,4.0
2_27401,2014,0.9999999999999996
2_27402,2014,0.0
2_27600,2014,0.9999999999999984
2_27700,2014,2.0
2_27900,2014,6.999999999999998
2_2800,2014,0.0
2_28100,2014,0.0
2_28300,2014,2.0
2_28400,2014,3.9999999999999982
2_28500,2014,0.0
2_28600,2014,3.9999999999999956
2_28700,2014,3.0
2_28800,2014,3.9999999999999987
2_28900,2014,13.999999999999998
2_29302,2014,1.9999999999999976
2_29500,2014,1.9999999999999998
2_29600,2014,2.999999999999996
2_29700,2014,1.9999999999999967
2_30000,2014,2.9999999999999996
2_30100,2014,0.9999999999999999
2_30200,2014,1.9999999999999996
2_30701,2014,0.0
2_30900,2014,4.0
2_3100,2014,0.0
2_31000,2014,0.0
2_31200,2014,1.999999999999997
2_31400,2014,0.9999999999999982
2_31600,2014,2.0
2_31800,2014,0.0
2_31900,2014,0.0
2_32300,2014,0.9999999999999982
2_32400,2014,0.0
2_32600,2014,0.9999999999999989
2_32800,2014,3.9999999999999996
2_3300,2014,1.999999999999998
2_33000,2014,8.999999999999996
2_33201,2014,3.999999999999999
2_33202,2014,2.9999999999999987
2_33400,2014,6.0
2_33500,2014,0.9999999999999989
2_33600,2014,0.9999999999999996
2_33700,2014,4.999999999999998
2_33800,2014,7.0
2_34000,2014,1.9999999999999991
2_34200,2014,4.999999999999995
2_34300,2014,1.0
2_34400,2014,0.9999999999999989
2_34500,2014,1.0
2_34800,2014,5.999999999999994
2_3500,2014,4.0
2_35000,2014,0.9999999999999996
2_35100,2014,0.0
2_35600,2014,4.999999999999996
2_35800,2014,10.999999999999996
2_35900,2014,1.9999999999999998
2_36000,2014,2.9999999999999987
2_36100,2014,4.0
2_36300,2014,11.999999999999995
2_36400,2014,5.999999999999997
2_36501,2014,6.999999999999999
2_36502,2014,2.9999999999999987
2_36700,2014,2.0
2_36800,2014,0.0
2_36901,2014,1.9999999999999991
2_36902,2014,0.0
2_3700,2014,0.9999999999999972
2_37000,2014,1.0
2_37100,2014,4.999999999999995
2_37200,2014,4.999999999999998
2_37300,2014,2.999999999999997
2_37400,2014,6.999999999999998
2_37504,2014,9.999999999999998
2_37600,2014,0.0
2_37800,2014,2.9999999999999964
2_37900,2014,5.999999999999994
2_3800,2014,0.0
2_38000,2014,2.9999999999999996
2_38100,2014,7.0
2_38200,2014,2.999999999999998
2_38301,2014,7.0
2_38302,2014,6.9999999999999964
2_38500,2014,4.9999999999999964
2_38600,2014,4.0
2_38700,2014,4.999999999999995
2_38800,2014,1.9999999999999993
2_38900,2014,7.0
2_3900,2014,9.99999999999998
2_39000,2014,2.999999999999999
2_39100,2014,8.999999999999995
2_39200,2014,2.9999999999999996
2_39300,2014,5.999999999999988
2_39400,2014,2.999999999999997
2_39500,2014,6.999999999999999
2_39600,2014,2.999999999999999
2_39700,2014,11.999999999999996
2_39800,2014,3.999999999999998
2_39901,2014,8.999999999999993
2_39902,2014,3.999999999999996
2_400,2014,2.0
2_4001,2014,0.0
2_40100,2014,3.9999999999999933
2_40302,2014,4.999999999999998
2_40303,2014,3.9999999999999987
2_40304,2014,2.9999999999999987
2_40400,2014,3.0
2_40501,2014,2.999999999999998
2_40502,2014,1.9999999999999978
2_40600,2014,4.999999999999999
2_40701,2014,9.0
2_40702,2014,8.999999999999996
2_40800,2014,5.0
2_40900,2014,8.999999999999996
2_4100,2014,4.999999999999998
2_41100,2014,0.9999999999999989
2_41300,2014,0.0
2_41400,2014,3.999999999999994
2_41500,2014,1.999999999999998
2_41800,2014,1.9999999999999967
2_41900,2014,13.999999999999993
2_4200,2014,11.0
2_42000,2014,6.9999999999999964
2_42100,2014,11.999999999999991
2_42200,2014,4.999999999999996
2_42300,2014,2.9999999999999996
2_42400,2014,0.999999999999999
2_42500,2014,9.999999999999991
2_42600,2014,2.999999999999997
2_42800,2014,0.9999999999999989
2_42901,2014,3.9999999999999956
2_42902,2014,0.9999999999999997
2_4300,2014,9.0
2_43000,2014,0.0
2_43100,2014,19.99999999999997
2_43400,2014,6.999999999999992
2_43500,2014,2.999999999999995
2_43600,2014,0.0
2_4400,2014,3.0
2_44200,2014,3.0
2_44400,2014,2.999999999999997
2_44800,2014,0.0
2_44901,2014,0.0
2_44902,2014,0.9999999999999984
2_45101,2014,0.0
2_45102,2014,1.9999999999999993
2_45600,2014,0.9999999999999996
2_45800,2014,5.999999999999997
2_4600,2014,7.999999999999996
2_46000,2014,2.999999999999999
2_46201,2014,15.999999999999991
2_46202,2014,5.999999999999988
2_4800,2014,3.9999999999999987
2_48400,2014,10.999999999999996
2_5001,2014,1.9999999999999993
2_5002,2014,3.0
2_5100,2014,3.999999999999996
2_51600,2014,3.9999999999999987
2_5200,2014,3.9999999999999996
2_5300,2014,2.0
2_5400,2014,7.999999999999999
2_5600,2014,3.999999999999997
2_5902,2014,0.999999999999999
2_6000,2014,5.999999999999994
2_6100,2014,2.0
2_6200,2014,5.999999999999999
2_6300,2014,17.999999999999975
2_6400,2014,4.999999999999998
2_6500,2014,21.999999999999986
2_6700,2014,7.999999999999995
2_6800,2014,2.999999999999997
2_6900,2014,4.9999999999999964
2_7000,2014,1.9999999999999978
2_7100,2014,9.999999999999993
2_7200,2014,6.999999999999998
2_7300,2014,1.9999999999999991
2_7400,2014,1.9999999999999993
2_7500,2014,0.9999999999999976
2_7600,2014,3.0
2_7700,2014,3.0
2_7800,2014,1.9999999999999978
2_7900,2014,7.9999999999999964
2_8300,2014,7.999999999999996
2_8500,2014,6.9999999999999964
2_8600,2014,1.0
2_8700,2014,10.0
2_8900,2014,2.0
2_9000,2014,2.999999999999998
2_9200,2014,3.0
2_9300,2014,15.999999999999966
2_9600,2014,1.999999999999998
2_9800,2014,2.0
3_100,2014,2.999999999999995
3_10000,2014,3.9999999999999956
3_100400,2014,0.0
3_100600,2014,1.9999999999999991
3_100800,2014,0.0
3_10100,2014,4.999999999999999
3_101000,2014,2.0
3_101200,2014,1.0
3_101400,2014,0.0
3_101600,2014,0.0
3_101800,2014,0.0
3_10200,2014,3.999999999999995
3_102000,2014,0.0
3_102200,2014,0.0
3_102400,2014,4.999999999999998
3_102600,2014,0.0
3_102800,2014,1.9999999999999964
3_103400,2014,1.0
3_10400,2014,4.999999999999995
3_105801,2014,0.9999999999999989
3_105804,2014,9.999999999999995
3_10600,2014,6.999999999999993
3_107000,2014,7.999999999999989
3_107800,2014,5.999999999999992
3_10800,2014,3.999999999999996
3_109800,2014,3.999999999999986
3_1100,2014,10.999999999999993
3_11000,2014,0.9999999999999997
3_110400,2014,23.999999999999986
3_110600,2014,2.0
3_111000,2014,1.9999999999999993
3_111600,2014,1.9999999999999976
3_111800,2014,7.0
3_11200,2014,6.0
3_112000,2014,2.9999999999999987
3_112200,2014,7.0
3_112400,2014,4.0
3_112600,2014,8.0
3_112800,2014,6.9999999999999885
3_113000,2014,0.9999999999999988
3_113200,2014,0.0
3_113400,2014,1.9999999999999998
3_11400,2014,6.999999999999996
3_114201,2014,2.9999999999999916
3_114202,2014,0.0
3_114400,2014,6.999999999999991
3_114600,2014,2.999999999999995
3_115000,2014,4.0
3_115200,2014,0.9999999999999988
3_115600,2014,5.999999999999997
3_115800,2014,3.999999999999999
3_11600,2014,4.0
3_116000,2014,2.9999999999999996
3_116200,2014,0.0
3_116400,2014,2.999999999999997
3_116600,2014,6.999999999999997
3_116800,2014,0.0
3_11700,2014,5.999999999999995
3_117000,2014,2.9999999999999987
3_117201,2014,0.9999999999999988
3_117202,2014,0.0
3_117400,2014,8.999999999999991
3_117601,2014,0.9999999999999984
3_117602,2014,3.0
3_117800,2014,6.0
3_11800,2014,9.0
3_118000,2014,1.0
3_118201,2014,0.9999999999999997
3_118202,2014,0.0
3_118400,2014,8.0
3_118600,2014,0.0
3_118800,2014,0.9999999999999984
3_11900,2014,1.9999999999999867
3_119000,2014,2.999999999999997
3_119200,2014,11.0
3_119400,2014,6.0
3_119600,2014,10.999999999999998
3_119800,2014,17.999999999999993
3_12000,2014,10.999999999999995
3_120000,2014,2.999999999999998
3_120200,2014,1.9999999999999991
3_120800,2014,8.999999999999998
3_12100,2014,2.9999999999999987
3_121000,2014,1.9999999999999984
3_121400,2014,2.0
3_12200,2014,5.999999999999998
3_122000,2014,2.9999999999999907
3_123700,2014,7.999999999999995
3_12600,2014,2.999999999999997
3_12700,2014,4.0
3_12801,2014,4.0
3_12901,2014,1.9999999999999973
3_12902,2014,5.999999999999994
3_1300,2014,7.0
3_13000,2014,9.0
3_13100,2014,2.0
3_13200,2014,2.9999999999999987
3_13300,2014,6.999999999999994
3_13400,2014,6.999999999999997
3_13500,2014,3.999999999999997
3_13600,2014,0.999999999999999
3_13700,2014,0.0
3_13800,2014,6.9999999999999964
3_13900,2014,6.999999999999996
3_14000,2014,0.0
3_14100,2014,1.9999999999999993
3_14200,2014,0.9999999999999989
3_14300,2014,1.9999999999999973
3_14500,2014,5.999999999999999
3_14700,2014,0.0
3_14800,2014,0.9999999999999996
3_14900,2014,4.999999999999998
3_1500,2014,17.99999999999997
3_15000,2014,1.0
3_150200,2014,0.9999999999999989
3_15100,2014,1.9999999999999982
3_15200,2014,0.9999999999999976
3_152200,2014,4.9999999999999964
3_15300,2014,0.0
3_15400,2014,0.9999999999999953
3_15500,2014,1.9999999999999991
3_15700,2014,2.999999999999992
3_15900,2014,2.9999999999999964
3_16000,2014,11.999999999999996
3_16100,2014,5.999999999999997
3_16200,2014,0.9999999999999982
3_16300,2014,1.9999999999999967
3_16400,2014,0.9999999999999984
3_16500,2014,1.9999999999999978
3_16600,2014,1.9999999999999991
3_16700,2014,0.9999999999999984
3_16800,2014,0.0
3_16900,2014,4.0
3_17000,2014,0.9999999999999948
3_17100,2014,2.9999999999999987
3_17200,2014,0.9999999999999999
3_17400,2014,0.0
3_17500,2014,0.999999999999999
3_17600,2014,0.9999999999999996
3_17700,2014,6.9999999999999885
3_17800,2014,8.999999999999995
3_17900,2014,1.9999999999999982
3_1800,2014,6.9999999999999964
3_18000,2014,5.0
3_18100,2014,7.0
3_18200,2014,2.9999999999999987
3_18300,2014,6.0
3_18400,2014,2.0
3_18501,2014,0.0
3_18600,2014,0.0
3_18800,2014,6.0
3_19000,2014,6.0
3_19100,2014,2.999999999999995
3_19200,2014,3.9999999999999956
3_19300,2014,6.0
3_19400,2014,8.999999999999993
3_19500,2014,0.9999999999999983
3_19600,2014,0.0
3_19700,2014,1.9999999999999964
3_19800,2014,0.9999999999999997
3_19900,2014,3.9999999999999964
3_200,2014,2.9999999999999987
3_2000,2014,2.999999999999997
3_20000,2014,0.0
3_20100,2014,2.999999999999997
3_20200,2014,0.0
3_20300,2014,9.0
3_20400,2014,0.9999999999999953
3_20500,2014,1.9999999999999991
3_20600,2014,2.999999999999999
3_20700,2014,0.9999999999999997
3_20800,2014,0.0
3_2100,2014,4.99999999999999
3_21000,2014,4.999999999999997
3_21100,2014,0.9999999999999989
3_21200,2014,3.0
3_21300,2014,3.9999999999999947
3_21400,2014,2.0
3_21500,2014,6.999999999999993
3_21600,2014,6.0
3_21700,2014,4.999999999999997
3_21800,2014,1.9999999999999993
3_21900,2014,1.0
3_2200,2014,2.999999999999996
3_22000,2014,10.999999999999996
3_22100,2014,5.999999999999997
3_22200,2014,4.999999999999995
3_22400,2014,3.0
3_22600,2014,9.999999999999998
3_22700,2014,16.99999999999999
3_22800,2014,7.999999999999999
3_22900,2014,1.9999999999999964
3_2300,2014,3.9999999999999987
3_23000,2014,3.9999999999999987
3_23100,2014,0.9999999999999976
3_23200,2014,9.999999999999996
3_23300,2014,6.0
3_23400,2014,8.999999999999995
3_23500,2014,4.999999999999995
3_23600,2014,6.0
3_23800,2014,6.0
3_24000,2014,4.0
3_24100,2014,8.999999999999998
3_24200,2014,4.999999999999994
3_24300,2014,5.999999999999996
3_24400,2014,2.9999999999999987
3_24500,2014,12.0
3_24600,2014,2.0
3_24700,2014,20.99999999999998
3_24800,2014,1.9999999999999962
3_24900,2014,1.9999999999999973
3_25000,2014,3.0
3_25100,2014,3.0
3_25200,2014,6.9999999999999964
3_25300,2014,7.0
3_25400,2014,2.999999999999999
3_25500,2014,1.999999999999998
3_25600,2014,3.9999999999999964
3_25700,2014,0.0
3_25800,2014,1.9999999999999978
3_25901,2014,4.999999999999998
3_25902,2014,6.999999999999999
3_26000,2014,2.999999999999997
3_26100,2014,5.999999999999998
3_26200,2014,0.0
3_26300,2014,2.999999999999997
3_26400,2014,3.999999999999997
3_26500,2014,5.999999999999999
3_26600,2014,1.9999999999999998
3_26700,2014,4.0
3_26800,2014,2.999999999999995
3_26900,2014,4.0
3_27000,2014,2.999999999999997
3_27100,2014,4.99999999999999
3_27200,2014,0.0
3_27300,2014,12.0
3_27400,2014,4.999999999999999
3_27500,2014,2.9999999999999996
3_27600,2014,1.0
3_27700,2014,5.999999999999999
3_27800,2014,1.9999999999999993
3_27900,2014,4.0
3_28000,2014,3.9999999999999996
3_28100,2014,2.0
3_28200,2014,0.0
3_28300,2014,5.999999999999998
3_28400,2014,2.999999999999996
3_28501,2014,10.0
3_28502,2014,0.0
3_28600,2014,1.9999999999999976
3_28700,2014,2.999999999999999
3_28800,2014,1.9999999999999993
3_28900,2014,7.9999999999999964
3_29000,2014,11.999999999999998
3_2901,2014,0.0
3_29100,2014,0.0
3_29200,2014,13.999999999999995
3_29300,2014,1.9999999999999984
3_29400,2014,0.0
3_29500,2014,5.999999999999998
3_29600,2014,6.0
3_29700,2014,5.0
3_29800,2014,3.9999999999999982
3_29900,2014,12.999999999999996
3_3000,2014,0.0
3_30000,2014,3.9999999999999956
3_301,2014,2.0
3_30100,2014,5.999999999999998
3_30200,2014,2.9999999999999996
3_30300,2014,9.999999999999993
3_30400,2014,1.9999999999999978
3_30500,2014,11.999999999999991
3_30600,2014,1.999999999999998
3_30700,2014,9.99999999999999
3_30800,2014,0.999999999999999
3_30900,2014,0.999999999999999
3_3100,2014,12.999999999999996
3_31100,2014,0.9999999999999969
3_31300,2014,4.999999999999997
3_31400,2014,4.999999999999997
3_31500,2014,6.9999999999999964
3_31701,2014,4.999999999999997
3_31702,2014,10.99999999999999
3_31900,2014,0.0
3_32100,2014,7.999999999999998
3_32300,2014,8.999999999999991
3_32500,2014,4.0
3_32600,2014,15.999999999999998
3_32700,2014,15.0
3_32800,2014,9.999999999999998
3_32900,2014,9.999999999999995
3_3300,2014,14.999999999999984
3_33000,2014,0.9999999999999984
3_33100,2014,4.999999999999998
3_33300,2014,1.9999999999999982
3_33500,2014,3.999999999999996
3_33600,2014,1.9999999999999993
3_33700,2014,13.999999999999982
3_33900,2014,2.9999999999999996
3_3400,2014,0.9999999999999983
3_34000,2014,1.0
3_34100,2014,4.0
3_34200,2014,4.9999999999999964
3_34300,2014,0.0
3_34500,2014,6.999999999999997
3_34700,2014,2.0
3_34800,2014,8.999999999999988
3_34900,2014,14.999999999999993
3_3500,2014,9.999999999999995
3_35000,2014,5.999999999999999
3_35100,2014,2.999999999999999
3_35200,2014,0.0
3_35300,2014,13.0
3_35400,2014,7.0
3_35500,2014,9.999999999999993
3_35601,2014,0.0
3_35602,2014,4.999999999999999
3_35700,2014,9.999999999999995
3_35900,2014,7.999999999999999
3_3600,2014,1.0
3_36001,2014,3.0
3_36002,2014,4.999999999999997
3_36100,2014,6.999999999999991
3_36200,2014,6.0
3_36300,2014,13.999999999999986
3_36400,2014,2.0
3_36501,2014,0.9999999999999961
3_36502,2014,2.999999999999997
3_36600,2014,6.9999999999999964
3_36700,2014,2.999999999999997
3_36900,2014,4.999999999999993
3_3700,2014,25.0
3_37000,2014,6.999999999999992
3_37100,2014,4.999999999999997
3_37300,2014,6.999999999999997
3_37401,2014,0.0
3_37402,2014,6.999999999999993
3_37500,2014,5.999999999999998
3_37700,2014,1.9999999999999984
3_37900,2014,2.0
3_3800,2014,0.0
3_38100,2014,2.999999999999996
3_38200,2014,2.0
3_38300,2014,6.9999999999999964
3_38500,2014,4.999999999999998
3_38600,2014,0.9999999999999984
3_38700,2014,8.999999999999998
3_38800,2014,1.9999999999999984
3_38900,2014,6.999999999999997
3_3900,2014,2.999999999999995
3_39000,2014,4.999999999999999
3_39100,2014,0.0
3_39200,2014,3.0
3_39300,2014,6.999999999999991
3_39400,2014,4.0
3_39500,2014,4.999999999999998
3_39600,2014,3.0
3_39700,2014,4.999999999999998
3_39800,2014,0.9999999999999989
3_39900,2014,4.999999999999998
3_40000,2014,4.0
3_40100,2014,2.999999999999998
3_40200,2014,3.999999999999996
3_40300,2014,1.9999999999999938
3_40400,2014,0.0
3_40500,2014,3.9999999999999925
3_40700,2014,0.0
3_40800,2014,1.9999999999999976
3_40900,2014,4.0
3_4100,2014,6.0
3_41000,2014,1.0
3_41100,2014,1.9999999999999978
3_41200,2014,4.999999999999999
3_41300,2014,0.0
3_41401,2014,0.9999999999999956
3_41402,2014,2.0
3_41500,2014,3.999999999999999
3_41600,2014,6.999999999999998
3_41700,2014,0.9999999999999976
3_41800,2014,5.999999999999999
3_41900,2014,1.0
3_42000,2014,1.999999999999998
3_42100,2014,4.9999999999999964
3_42200,2014,2.999999999999995
3_42300,2014,1.9999999999999984
3_42400,2014,0.999999999999999
3_42500,2014,1.9999999999999967
3_42600,2014,2.9999999999999996
3_42700,2014,3.9999999999999982
3_42800,2014,0.0
3_42900,2014,3.999999999999999
3_4300,2014,10.0
3_43000,2014,8.0
3_43100,2014,5.999999999999999
3_43200,2014,2.999999999999996
3_43300,2014,5.999999999999998
3_43400,2014,1.9999999999999978
3_43500,2014,3.999999999999998
3_43600,2014,5.999999999999997
3_43700,2014,0.9999999999999953
3_43800,2014,3.999999999999999
3_43900,2014,9.0
3_4400,2014,0.9999999999999984
3_44000,2014,2.999999999999995
3_44100,2014,1.9999999999999964
3_44200,2014,8.999999999999995
3_44300,2014,3.9999999999999996
3_44400,2014,3.9999999999999982
3_44500,2014,0.0
3_44600,2014,0.0
3_44700,2014,2.999999999999997
3_44800,2014,3.9999999999999982
3_44900,2014,10.999999999999988
3_4500,2014,0.999999999999999
3_45000,2014,0.0
3_45200,2014,2.9999999999999947
3_45300,2014,6.9999999999999964
3_45400,2014,5.999999999999998
3_45600,2014,6.0
3_45800,2014,0.9999999999999953
3_4600,2014,2.0
3_46000,2014,3.9999999999999982
3_46201,2014,2.9999999999999964
3_46202,2014,2.999999999999997
3_46400,2014,0.9999999999999989
3_46800,2014,0.9999999999999989
3_4700,2014,2.9999999999999964
3_47000,2014,2.9999999999999996
3_47200,2014,0.0
3_47400,2014,0.9999999999999989
3_47600,2014,4.0
3_47700,2014,1.999999999999998
3_47800,2014,7.999999999999996
3_48000,2014,5.999999999999999
3_48100,2014,2.9999999999999973
3_48200,2014,6.999999999999993
3_48400,2014,3.0
3_48500,2014,6.0
3_48600,2014,4.999999999999997
3_48800,2014,1.9999999999999998
3_48900,2014,2.9999999999999987
3_4900,2014,0.0
3_49000,2014,6.999999999999999
3_49100,2014,22.999999999999996
3_49200,2014,2.9999999999999964
3_49300,2014,4.999999999999994
3_49400,2014,8.999999999999998
3_49500,2014,6.999999999999999
3_49600,2014,1.999999999999999
3_49700,2014,6.999999999999997
3_49800,2014,6.999999999999999
3_49900,2014,0.0
3_5000,2014,1.9999999999999993
3_50000,2014,1.9999999999999998
3_50100,2014,0.0
3_502,2014,0.9999999999999989
3_50202,2014,0.9999999999999997
3_50300,2014,0.9999999999999933
3_50400,2014,0.9999999999999999
3_50500,2014,0.0
3_50600,2014,3.999999999999998
3_50700,2014,5.999999999999997
3_50801,2014,2.9999999999999996
3_50803,2014,1.999999999999998
3_50804,2014,2.999999999999997
3_50900,2014,5.999999999999998
3_5100,2014,0.9999999999999996
3_51001,2014,2.9999999999999987
3_51002,2014,11.999999999999993
3_51100,2014,0.9999999999999988
3_51200,2014,7.999999999999998
3_51300,2014,14.999999999999995
3_51400,2014,5.0
3_51500,2014,2.999999999999995
3_51601,2014,0.0
3_51602,2014,5.999999999999997
3_51700,2014,6.0
3_51800,2014,4.999999999999995
3_51900,2014,1.9999999999999998
3_52000,2014,3.9999999999999956
3_5201,2014,0.0
3_5202,2014,0.9999999999999989
3_52300,2014,5.0
3_52500,2014,7.999999999999998
3_52600,2014,2.999999999999995
3_52700,2014,4.0
3_52800,2014,0.999999999999999
3_52900,2014,5.999999999999999
3_5300,2014,5.999999999999994
3_53000,2014,1.9999999999999956
3_53100,2014,8.0
3_53200,2014,5.999999999999997
3_53300,2014,5.999999999999999
3_53400,2014,6.999999999999996
3_53500,2014,3.9999999999999987
3_53700,2014,4.999999999999992
3_53800,2014,5.999999999999997
3_53900,2014,1.9999999999999998
3_5400,2014,0.0
3_54200,2014,0.9999999999999984
3_54300,2014,2.0
3_54400,2014,7.999999999999995
3_54500,2014,2.9999999999999987
3_54600,2014,7.999999999999997
3_54700,2014,3.0
3_54800,2014,0.9999999999999989
3_54900,2014,3.9999999999999982
3_55000,2014,2.9999999999999996
3_55100,2014,3.999999999999995
3_55200,2014,9.0
3_55300,2014,6.999999999999994
3_55400,2014,12.999999999999995
3_55500,2014,7.999999999999997
3_55600,2014,9.999999999999995
3_55700,2014,0.9999999999999989
3_55800,2014,0.9999999999999983
3_56000,2014,6.0
3_5601,2014,0.0
3_5602,2014,0.0
3_56100,2014,1.9999999999999938
3_56200,2014,0.0
3_56300,2014,0.0
3_56400,2014,2.999999999999998
3_56500,2014,0.9999999999999984
3_56600,2014,4.999999999999998
3_56800,2014,1.0
3_56900,2014,2.999999999999998
3_57000,2014,5.999999999999996
3_57100,2014,3.9999999999999925
3_57200,2014,4.999999999999997
3_57300,2014,2.999999999999996
3_57400,2014,0.9999999999999988
3_57500,2014,1.999999999999999
3_57600,2014,8.0
3_57800,2014,5.999999999999997
3_57900,2014,2.9999999999999893
3_5800,2014,5.0
3_58000,2014,10.0
3_58200,2014,4.999999999999996
3_58400,2014,2.9999999999999987
3_58600,2014,2.9999999999999987
3_58800,2014,3.0
3_58900,2014,3.9999999999999933
3_5900,2014,1.999999999999998
3_59000,2014,4.999999999999997
3_59100,2014,0.0
3_59200,2014,12.999999999999996
3_59300,2014,0.0
3_59401,2014,3.9999999999999964
3_59402,2014,3.9999999999999956
3_59600,2014,0.0
3_59800,2014,0.0
3_6000,2014,1.9999999999999998
3_60000,2014,8.999999999999993
3_60600,2014,13.0
3_60800,2014,5.0
3_61002,2014,0.9999999999999976
3_61003,2014,1.9999999999999973
3_61004,2014,2.9999999999999964
3_61200,2014,1.0
3_61600,2014,1.9999999999999991
3_6200,2014,0.9999999999999996
3_62000,2014,2.0
3_62200,2014,0.9999999999999989
3_62600,2014,3.9999999999999964
3_62800,2014,3.9999999999999982
3_6300,2014,0.0
3_63200,2014,2.0
3_63600,2014,1.0
3_63800,2014,0.0
3_6400,2014,4.999999999999998
3_64200,2014,7.0
3_64400,2014,0.0
3_64600,2014,0.0
3_64800,2014,0.0
3_6500,2014,0.9999999999999983
3_65000,2014,3.0
3_65200,2014,2.999999999999999
3_65400,2014,0.0
3_65600,2014,0.0
3_65800,2014,0.0
3_6600,2014,6.0
3_66000,2014,0.9999999999999999
3_66200,2014,3.9999999999999893
3_66600,2014,2.999999999999997
3_6700,2014,4.999999999999999
3_67000,2014,3.9999999999999982
3_67200,2014,0.0
3_67400,2014,0.9999999999999997
3_67600,2014,4.0
3_67800,2014,1.999999999999998
3_6800,2014,12.0
3_68000,2014,2.9999999999999987
3_68200,2014,0.9999999999999983
3_68600,2014,0.999999999999999
3_68800,2014,0.0
3_6900,2014,8.999999999999998
3_69000,2014,0.0
3_69200,2014,3.9999999999999947
3_69601,2014,1.9999999999999967
3_69602,2014,1.9999999999999991
3_69800,2014,0.9999999999999936
3_700,2014,4.999999999999999
3_7000,2014,0.9999999999999989
3_70201,2014,0.9999999999999988
3_70202,2014,0.9999999999999919
3_70600,2014,0.9999999999999997
3_7100,2014,0.9999999999999996
3_7200,2014,1.0
3_72000,2014,0.9999999999999996
3_72200,2014,21.999999999999996
3_72400,2014,3.999999999999991
3_72600,2014,0.9999999999999984
3_72800,2014,0.0
3_73000,2014,1.0
3_73200,2014,2.9999999999999996
3_73400,2014,2.0
3_73600,2014,2.9999999999999996
3_73800,2014,2.999999999999995
3_7400,2014,7.999999999999999
3_74000,2014,3.0
3_74200,2014,2.999999999999996
3_74400,2014,1.9999999999999991
3_74600,2014,8.999999999999998
3_74800,2014,5.999999999999999
3_7500,2014,2.9999999999999987
3_75000,2014,5.999999999999997
3_75200,2014,0.0
3_75400,2014,0.0
3_75600,2014,2.999999999999998
3_75800,2014,0.9999999999999983
3_7600,2014,2.999999999999992
3_76000,2014,2.999999999999995
3_76200,2014,2.999999999999995
3_76400,2014,2.9999999999999987
3_76600,2014,4.999999999999998
3_76800,2014,14.0
3_7700,2014,4.999999999999995
3_77000,2014,6.0
3_77200,2014,4.999999999999998
3_77400,2014,7.9999999999999964
3_77600,2014,5.999999999999996
3_7800,2014,5.999999999999998
3_78000,2014,0.0
3_78200,2014,3.999999999999998
3_78400,2014,2.999999999999999
3_78600,2014,20.0
3_78800,2014,0.0
3_79000,2014,5.999999999999996
3_79200,2014,2.9999999999999987
3_79400,2014,11.999999999999991
3_79601,2014,3.999999999999998
3_79602,2014,3.99999999999999
3_79801,2014,1.999999999999998
3_79802,2014,4.999999999999997
3_8000,2014,2.9999999999999996
3_80000,2014,7.999999999999997
3_80200,2014,2.0
3_80400,2014,4.999999999999997
3_80600,2014,5.0
3_80800,2014,14.99999999999999
3_81000,2014,0.9999999999999989
3_81400,2014,3.999999999999998
3_81600,2014,0.9999999999999997
3_81800,2014,12.999999999999995
3_8200,2014,2.0
3_82000,2014,14.999999999999991
3_82200,2014,9.999999999999995
3_82400,2014,3.999999999999995
3_82600,2014,5.999999999999998
3_82800,2014,11.0
3_83000,2014,9.0
3_83200,2014,0.0
3_83400,2014,1.0
3_83600,2014,0.9999999999999976
3_83800,2014,4.999999999999998
3_8400,2014,8.999999999999996
3_84000,2014,3.999999999999995
3_84600,2014,3.999999999999999
3_84800,2014,0.9999999999999982
3_8500,2014,3.999999999999999
3_85000,2014,0.9999999999999997
3_85200,2014,3.0
3_85400,2014,2.9999999999999987
3_85600,2014,4.999999999999998
3_85800,2014,2.9999999999999987
3_8600,2014,2.0
3_86000,2014,1.9999999999999998
3_86200,2014,7.0
3_86400,2014,1.9999999999999971
3_86600,2014,2.9999999999999964
3_86800,2014,14.999999999999995
3_87000,2014,4.999999999999997
3_87200,2014,2.999999999999997
3_87401,2014,1.9999999999999996
3_87600,2014,3.9999999999999996
3_87800,2014,4.999999999999994
3_8800,2014,4.999999999999997
3_88000,2014,8.999999999999996
3_88200,2014,1.9999999999999996
3_88400,2014,12.0
3_88600,2014,6.999999999999991
3_88800,2014,4.9999999999999964
3_89000,2014,9.999999999999998
3_89200,2014,21.999999999999996
3_89400,2014,0.0
3_89600,2014,1.9999999999999978
3_89800,2014,0.9999999999999972
3_900,2014,8.99999999999999
3_9000,2014,1.999999999999998
3_90000,2014,4.0
3_90200,2014,8.0
3_90600,2014,7.0
3_90800,2014,6.9999999999999964
3_91000,2014,8.0
3_91200,2014,7.999999999999998
3_91600,2014,6.999999999999996
3_91800,2014,5.0
3_9200,2014,1.9999999999999998
3_92000,2014,6.0
3_92200,2014,4.999999999999999
3_92400,2014,7.999999999999993
3_92800,2014,3.9999999999999925
3_93000,2014,0.9999999999999983
3_93200,2014,1.9999999999999962
3_93400,2014,4.999999999999998
3_93600,2014,5.999999999999994
3_93800,2014,2.999999999999997
3_9400,2014,5.999999999999998
3_94401,2014,2.999999999999992
3_94402,2014,0.0
3_94600,2014,0.999999999999999
3_95000,2014,3.9999999999999933
3_95400,2014,3.999999999999998
3_95600,2014,1.9999999999999991
3_95800,2014,2.999999999999997
3_9600,2014,3.9999999999999973
3_96000,2014,4.999999999999997
3_96200,2014,0.999999999999999
3_96400,2014,4.999999999999995
3_96600,2014,4.0
3_96800,2014,0.9999999999999988
3_97000,2014,2.999999999999999
3_97400,2014,9.0
3_9800,2014,8.999999999999995
3_98200,2014,5.999999999999999
3_98400,2014,1.9999999999999998
3_98600,2014,0.9999999999999976
3_98800,2014,2.0
3_99000,2014,3.0
3_99200,2014,1.9999999999999991
3_99400,2014,0.9999999999999996
3_99600,2014,0.0
3_99800,2014,0.9999999999999996
4_100,2014,0.9999999999999905
4_1000,2014,1.9999999999999998
4_10000,2014,0.9999999999999982
4_100801,2014,0.0
4_100802,2014,12.999999999999986
4_10100,2014,1.999999999999998
4_101001,2014,9.999999999999993
4_101002,2014,0.9999999999999996
4_101700,2014,0.9999999999999948
4_10200,2014,0.0
4_102900,2014,0.9999999999999988
4_10300,2014,0.9999999999999999
4_103201,2014,4.999999999999996
4_103202,2014,4.999999999999992
4_103300,2014,4.9999999999999964
4_103900,2014,6.999999999999994
4_10400,2014,1.9999999999999978
4_104700,2014,2.9999999999999956
4_10500,2014,4.0
4_105900,2014,0.9999999999999976
4_10600,2014,5.0
4_10701,2014,0.0
4_107201,2014,2.0
4_107202,2014,0.0
4_10800,2014,1.9999999999999991
4_108500,2014,0.0
4_109300,2014,0.0
4_109700,2014,2.9999999999999996
4_109900,2014,0.0
4_11000,2014,0.9999999999999984
4_11100,2014,1.9999999999999991
4_111300,2014,0.0
4_11200,2014,4.0
4_112300,2014,2.999999999999992
4_112900,2014,2.999999999999999
4_11300,2014,1.9999999999999998
4_113300,2014,0.0
4_113900,2014,5.999999999999997
4_11400,2014,1.9999999999999962
4_114100,2014,0.9999999999999983
4_114700,2014,1.0
4_11500,2014,2.999999999999997
4_115100,2014,0.0
4_115500,2014,0.0
4_115700,2014,12.0
4_115900,2014,1.999999999999998
4_11600,2014,2.0
4_116100,2014,5.999999999999999
4_116300,2014,8.999999999999996
4_116700,2014,0.0
4_11700,2014,2.999999999999997
4_117100,2014,5.999999999999998
4_117500,2014,2.9999999999999925
4_11800,2014,6.999999999999996
4_118100,2014,0.9999999999999974
4_118500,2014,2.999999999999997
4_118700,2014,3.9999999999999996
4_118900,2014,0.0
4_11900,2014,1.999999999999997
4_119100,2014,3.0
4_119300,2014,1.9999999999999991
4_119500,2014,0.9999999999999997
4_119900,2014,0.9999999999999984
4_1200,2014,2.9999999999999973
4_12000,2014,0.999999999999999
4_120100,2014,1.999999999999998
4_120300,2014,0.0
4_120500,2014,0.9999999999999972
4_120700,2014,0.0
4_12100,2014,0.9999999999999996
4_121100,2014,0.0
4_121500,2014,0.9999999999999948
4_12200,2014,1.0
4_122300,2014,0.9999999999999996
4_122701,2014,2.9999999999999964
4_122702,2014,5.0
4_12301,2014,3.999999999999997
4_12400,2014,5.999999999999996
4_124100,2014,0.0
4_124700,2014,1.9999999999999944
4_12500,2014,0.0
4_125700,2014,2.999999999999997
4_12601,2014,0.0
4_12602,2014,0.0
4_126500,2014,1.9999999999999993
4_126700,2014,1.9999999999999944
4_127700,2014,5.999999999999995
4_12800,2014,0.0
4_128300,2014,1.999999999999998
4_129102,2014,0.0
4_129103,2014,1.9999999999999998
4_129104,2014,0.9999999999999989
4_13000,2014,2.999999999999997
4_130100,2014,1.0
4_13200,2014,1.9999999999999964
4_133300,2014,1.999999999999998
4_133900,2014,0.0
4_13400,2014,0.0
4_134100,2014,1.9999999999999984
4_134700,2014,1.9999999999999991
4_13500,2014,0.9999999999999999
4_13600,2014,0.0
4_136700,2014,3.999999999999998
4_13700,2014,0.999999999999999
4_137700,2014,0.9999999999999982
4_13800,2014,4.999999999999998
4_138501,2014,3.9999999999999987
4_138502,2014,0.0
4_139900,2014,1.9999999999999996
4_1400,2014,0.0
4_14000,2014,0.0
4_140300,2014,0.0
4_140901,2014,0.0
4_140902,2014,0.9999999999999989
4_14100,2014,1.9999999999999993
4_141700,2014,0.9999999999999969
4_14201,2014,2.999999999999998
4_14202,2014,7.0
4_142900,2014,1.9999999999999993
4_14300,2014,0.9999999999999983
4_143500,2014,0.0
4_14400,2014,0.9999999999999997
4_144100,2014,0.0
4_144700,2014,1.9999999999999976
4_14500,2014,2.0
4_145101,2014,0.0
4_145102,2014,0.9999999999999983
4_145900,2014,0.0
4_146300,2014,4.999999999999998
4_146700,2014,3.9999999999999947
4_14700,2014,2.9999999999999987
4_147100,2014,9.99999999999999
4_147900,2014,2.999999999999995
4_14800,2014,1.999999999999997
4_148300,2014,0.9999999999999989
4_14900,2014,0.0
4_15000,2014,0.0
4_150701,2014,2.9999999999999973
4_150702,2014,0.9999999999999953
4_15100,2014,4.999999999999997
4_15200,2014,0.9999999999999996
4_152901,2014,3.999999999999995
4_152902,2014,0.0
4_15300,2014,2.9999999999999987
4_15400,2014,5.0
4_15500,2014,8.999999999999998
4_155102,2014,4.999999999999991
4_15600,2014,0.0
4_156700,2014,0.0
4_15700,2014,0.9999999999999988
4_157101,2014,3.9999999999999836
4_157102,2014,0.999999999999999
4_157901,2014,3.0
4_157902,2014,1.999999999999993
4_157903,2014,0.9999999999999926
4_15801,2014,3.999999999999998
4_15802,2014,5.999999999999998
4_15900,2014,1.999999999999995
4_1600,2014,3.0
4_16100,2014,5.0
4_161700,2014,0.0
4_162100,2014,0.9999999999999948
4_16300,2014,0.9999999999999983
4_16400,2014,1.9999999999999978
4_16600,2014,4.9999999999999964
4_16800,2014,1.999999999999998
4_16900,2014,3.9999999999999996
4_17000,2014,0.9999999999999996
4_17100,2014,9.999999999999996
4_17200,2014,2.9999999999999996
4_17400,2014,0.9999999999999953
4_17600,2014,2.0
4_17800,2014,0.9999999999999989
4_17900,2014,17.999999999999993
4_1800,2014,4.999999999999998
4_18000,2014,2.999999999999997
4_18101,2014,1.9999999999999978
4_18102,2014,2.9999999999999987
4_18200,2014,1.9999999999999978
4_18300,2014,7.999999999999991
4_18401,2014,1.9999999999999976
4_18402,2014,1.999999999999998
4_18501,2014,0.9999999999999997
4_18502,2014,2.9999999999999987
4_18600,2014,0.0
4_18700,2014,0.0
4_18800,2014,0.0
4_18900,2014,1.999999999999999
4_1900,2014,10.999999999999979
4_19000,2014,4.999999999999998
4_19200,2014,0.999999999999999
4_19400,2014,1.0
4_19600,2014,4.0
4_19800,2014,0.0
4_19900,2014,1.9999999999999845
4_200,2014,1.9999999999999984
4_2000,2014,3.0
4_20200,2014,0.9999999999999953
4_20400,2014,3.999999999999993
4_20500,2014,1.0
4_20600,2014,0.0
4_20800,2014,4.999999999999996
4_21200,2014,5.999999999999993
4_21400,2014,3.9999999999999956
4_21600,2014,2.999999999999992
4_21900,2014,4.999999999999987
4_2200,2014,6.999999999999993
4_22001,2014,3.9999999999999982
4_22002,2014,1.999999999999997
4_22900,2014,0.9999999999999989
4_23000,2014,1.0
4_23200,2014,5.0
4_23500,2014,1.9999999999999991
4_23600,2014,13.0
4_23800,2014,8.0
4_2400,2014,0.0
4_24000,2014,16.999999999999993
4_24300,2014,10.999999999999995
4_24500,2014,0.9999999999999982
4_24600,2014,8.999999999999995
4_24700,2014,4.0
4_24900,2014,4.0
4_2500,2014,2.9999999999999987
4_25100,2014,2.9999999999999987
4_25301,2014,13.999999999999995
4_25302,2014,1.9999999999999991
4_25400,2014,4.999999999999998
4_25500,2014,6.0
4_25700,2014,0.9999999999999989
4_25800,2014,6.9999999999999964
4_25900,2014,3.9999999999999982
4_2600,2014,0.9999999999999997
4_26000,2014,0.9999999999999989
4_26100,2014,3.9999999999999964
4_26200,2014,3.0
4_26300,2014,4.999999999999995
4_26400,2014,1.999999999999997
4_26500,2014,3.9999999999999987
4_26600,2014,2.9999999999999987
4_26700,2014,12.999999999999996
4_26901,2014,7.0
4_26902,2014,6.999999999999998
4_27000,2014,5.0
4_27100,2014,9.999999999999996
4_27200,2014,0.0
4_27300,2014,5.999999999999999
4_27400,2014,0.0
4_27500,2014,2.999999999999997
4_27600,2014,0.0
4_27700,2014,11.999999999999998
4_27800,2014,0.9999999999999984
4_27900,2014,3.9999999999999982
4_2800,2014,3.0
4_28000,2014,1.9999999999999993
4_28100,2014,5.0
4_28200,2014,0.0
4_28300,2014,8.999999999999993
4_28400,2014,1.9999999999999991
4_28500,2014,2.999999999999996
4_28700,2014,9.0
4_28800,2014,1.9999999999999971
4_28900,2014,9.999999999999996
4_29100,2014,1.9999999999999922
4_29300,2014,2.999999999999997
4_29400,2014,9.99999999999998
4_29500,2014,3.9999999999999956
4_29700,2014,2.9999999999999925
4_29900,2014,0.0
4_30600,2014,7.999999999999993
4_30902,2014,5.999999999999996
4_30903,2014,8.0
4_30904,2014,3.999999999999993
4_3100,2014,4.999999999999992
4_31700,2014,1.9999999999999885
4_3200,2014,4.999999999999996
4_32000,2014,5.999999999999982
4_32700,2014,3.9999999999999947
4_32800,2014,0.0
4_32900,2014,6.999999999999993
4_3300,2014,10.999999999999973
4_33000,2014,3.9999999999999964
4_33100,2014,0.0
4_33401,2014,1.999999999999993
4_33402,2014,4.999999999999999
4_33700,2014,2.9999999999999996
4_33900,2014,2.0
4_3400,2014,2.999999999999998
4_34700,2014,4.0
4_35100,2014,0.9999999999999976
4_35200,2014,2.999999999999995
4_35300,2014,6.0
4_35700,2014,7.999999999999999
4_35800,2014,2.9999999999999982
4_3600,2014,1.0
4_36100,2014,3.9999999999999982
4_36300,2014,3.999999999999999
4_36500,2014,3.0
4_36600,2014,5.999999999999994
4_36700,2014,1.9999999999999978
4_36800,2014,0.0
4_3700,2014,0.0
4_37100,2014,0.0
4_37300,2014,3.999999999999998
4_37500,2014,12.999999999999998
4_37600,2014,0.999999999999999
4_37700,2014,2.999999999999991
4_37900,2014,4.999999999999998
4_3800,2014,5.999999999999998
4_38100,2014,2.999999999999997
4_38301,2014,0.0
4_38302,2014,4.999999999999993
4_38400,2014,5.999999999999999
4_3900,2014,0.0
4_39400,2014,1.9999999999999951
4_39800,2014,2.999999999999997
4_39900,2014,0.9999999999999937
4_400,2014,3.9999999999999956
4_40000,2014,0.0
4_4001,2014,3.0
4_4002,2014,5.99999999999999
4_40100,2014,0.0
4_40200,2014,1.0
4_40300,2014,9.0
4_40400,2014,0.0
4_40500,2014,7.999999999999997
4_40700,2014,10.0
4_40900,2014,2.9999999999999987
4_41100,2014,2.9999999999999987
4_41300,2014,1.9999999999999993
4_41400,2014,0.9999999999999989
4_41500,2014,0.9999999999999982
4_4200,2014,0.9999999999999969
4_42400,2014,0.9999999999999989
4_42600,2014,2.9999999999999964
4_42700,2014,1.9999999999999978
4_4300,2014,3.0
4_43200,2014,0.999999999999996
4_43400,2014,0.9999999999999999
4_43701,2014,0.0
4_43702,2014,1.9999999999999993
4_43900,2014,4.999999999999999
4_44000,2014,2.9999999999999973
4_4401,2014,2.999999999999999
4_44301,2014,1.9999999999999978
4_44302,2014,5.999999999999999
4_44400,2014,9.999999999999998
4_44601,2014,31.999999999999986
4_44602,2014,5.999999999999999
4_44800,2014,0.9999999999999996
4_4500,2014,6.999999999999998
4_45000,2014,1.9999999999999991
4_45200,2014,1.9999999999999991
4_45400,2014,8.999999999999996
4_45500,2014,3.0
4_45600,2014,0.9999999999999989
4_45700,2014,2.999999999999998
4_45800,2014,6.999999999999997
4_45900,2014,0.0
4_46000,2014,14.0
4_46100,2014,1.999999999999998
4_46200,2014,4.999999999999996
4_46300,2014,2.999999999999998
4_46400,2014,0.0
4_46500,2014,0.0
4_46600,2014,2.0
4_46700,2014,2.999999999999998
4_46800,2014,7.999999999999997
4_46900,2014,4.0
4_4700,2014,6.999999999999999
4_47000,2014,1.9999999999999991
4_47100,2014,7.999999999999998
4_47200,2014,1.999999999999997
4_47300,2014,9.999999999999996
4_47500,2014,7.999999999999981
4_47600,2014,0.0
4_47800,2014,5.999999999999994
4_47900,2014,5.999999999999996
4_48000,2014,2.999999999999997
4_48100,2014,0.9999999999999983
4_48200,2014,1.9999999999999993
4_48300,2014,0.9999999999999984
4_48400,2014,2.999999999999998
4_48500,2014,6.9999999999999885
4_48900,2014,0.9999999999999969
4_49200,2014,3.999999999999991
4_49301,2014,0.0
4_49302,2014,9.999999999999996
4_49500,2014,0.0
4_49600,2014,0.9999999999999966
4_49700,2014,0.0
4_49900,2014,3.999999999999999
4_5000,2014,0.9999999999999996
4_50000,2014,4.999999999999993
4_50201,2014,0.9999999999999989
4_50202,2014,0.9999999999999997
4_50400,2014,0.0
4_50500,2014,0.0
4_50600,2014,0.0
4_50700,2014,1.9999999999999978
4_50800,2014,0.9999999999999996
4_5100,2014,1.9999999999999973
4_51000,2014,0.0
4_51100,2014,3.999999999999998
4_51200,2014,4.9999999999999964
4_51300,2014,0.0
4_51500,2014,2.0
4_51600,2014,0.0
4_51700,2014,3.9999999999999964
4_51800,2014,0.0
4_5200,2014,0.999999999999999
4_52000,2014,0.9999999999999984
4_52100,2014,2.999999999999995
4_52200,2014,2.9999999999999987
4_52400,2014,2.0
4_52500,2014,0.0
4_52600,2014,1.0
4_52800,2014,7.999999999999994
4_5300,2014,9.999999999999996
4_53000,2014,0.0
4_53100,2014,1.999999999999996
4_53200,2014,0.0
4_53401,2014,3.9999999999999996
4_53500,2014,0.0
4_53601,2014,1.0
4_53800,2014,0.0
4_53900,2014,2.0
4_5400,2014,7.999999999999994
4_54000,2014,5.999999999999995
4_54200,2014,3.999999999999995
4_54500,2014,0.9999999999999982
4_54700,2014,1.9999999999999976
4_54800,2014,1.9999999999999993
4_54900,2014,3.999999999999998
4_5500,2014,1.9999999999999991
4_55100,2014,4.999999999999997
4_55200,2014,7.999999999999991
4_55300,2014,5.999999999999997
4_55400,2014,0.0
4_55500,2014,0.0
4_55600,2014,0.0
4_55700,2014,4.0
4_55800,2014,0.0
4_55900,2014,0.9999999999999972
4_56000,2014,2.9999999999999987
4_56100,2014,0.0
4_56200,2014,0.0
4_56400,2014,2.0
4_56500,2014,1.9999999999999976
4_56600,2014,4.0
4_56700,2014,0.0
4_56800,2014,6.999999999999984
4_5700,2014,7.999999999999993
4_57700,2014,1.9999999999999967
4_57900,2014,2.0
4_5800,2014,5.9999999999999964
4_58000,2014,0.0
4_58100,2014,2.9999999999999996
4_58200,2014,1.9999999999999993
4_58300,2014,1.9999999999999944
4_58500,2014,3.9999999999999982
4_58700,2014,1.0
4_58900,2014,2.999999999999998
4_5900,2014,2.9999999999999996
4_59000,2014,0.9999999999999996
4_59100,2014,2.9999999999999964
4_59200,2014,0.0
4_59300,2014,1.9999999999999984
4_59400,2014,0.0
4_59500,2014,1.9999999999999956
4_59600,2014,1.9999999999999991
4_59800,2014,0.0
4_59900,2014,0.0
4_600,2014,0.9999999999999983
4_60000,2014,0.9999999999999999
4_60100,2014,2.0
4_60300,2014,0.9999999999999976
4_60600,2014,3.0
4_60701,2014,0.0
4_60800,2014,0.9999999999999988
4_6100,2014,11.999999999999995
4_61000,2014,0.9999999999999988
4_61200,2014,1.0
4_61301,2014,6.9999999999999885
4_61302,2014,1.0
4_61400,2014,0.0
4_61601,2014,0.0
4_61602,2014,2.9999999999999916
4_61800,2014,0.0
4_61900,2014,1.0
4_62000,2014,0.0
4_6201,2014,3.999999999999999
4_6202,2014,1.999999999999999
4_62100,2014,1.9999999999999956
4_62200,2014,2.999999999999995
4_62300,2014,1.9999999999999993
4_62400,2014,0.0
4_62500,2014,0.0
4_62600,2014,2.0
4_62700,2014,0.0
4_62900,2014,2.9999999999999996
4_6300,2014,2.9999999999999964
4_63000,2014,3.0
4_63200,2014,4.999999999999997
4_63301,2014,1.9999999999999993
4_63302,2014,0.0
4_63500,2014,0.9999999999999989
4_63700,2014,3.0
4_63800,2014,5.0
4_63900,2014,0.0
4_64102,2014,5.999999999999993
4_64500,2014,3.9999999999999982
4_64600,2014,0.9999999999999996
4_65000,2014,0.0
4_6501,2014,0.0
4_6502,2014,6.0
4_65400,2014,10.999999999999979
4_65501,2014,0.0
4_65600,2014,0.0
4_65702,2014,1.999999999999998
4_65703,2014,1.9999999999999978
4_65900,2014,0.0
4_66000,2014,0.0
4_66100,2014,0.0
4_66300,2014,0.0
4_66400,2014,3.9999999999999933
4_66501,2014,2.9999999999999964
4_66701,2014,0.9999999999999983
4_66900,2014,0.0
4_67100,2014,3.999999999999999
4_67700,2014,0.0
4_67900,2014,1.9999999999999978
4_68000,2014,9.0
4_68200,2014,2.0
4_68300,2014,16.999999999999986
4_68700,2014,3.9999999999999933
4_6900,2014,3.9999999999999987
4_69000,2014,0.9999999999999983
4_69300,2014,9.999999999999993
4_69400,2014,0.0
4_69500,2014,2.999999999999999
4_69701,2014,1.0
4_69702,2014,0.9999999999999984
4_700,2014,9.0
4_70300,2014,2.999999999999995
4_70700,2014,0.0
4_70900,2014,0.0
4_7100,2014,14.999999999999995
4_71100,2014,9.999999999999995
4_71303,2014,1.9999999999999967
4_71304,2014,4.0
4_71305,2014,1.9999999999999978
4_71306,2014,0.9999999999999996
4_71600,2014,0.9999999999999953
4_71701,2014,13.0
4_71702,2014,3.9999999999999982
4_71900,2014,3.9999999999999964
4_72100,2014,0.9999999999999984
4_72300,2014,1.9999999999999993
4_72900,2014,0.0
4_7300,2014,1.0
4_73100,2014,0.9999999999999983
4_73700,2014,9.999999999999995
4_73900,2014,4.999999999999998
4_74100,2014,2.9999999999999996
4_74300,2014,6.9999999999999964
4_74500,2014,3.0
4_74700,2014,1.9999999999999978
4_74900,2014,1.9999999999999978
4_7500,2014,3.0
4_75701,2014,3.9999999999999947
4_75702,2014,4.999999999999998
4_76901,2014,0.0
4_76902,2014,0.9999999999999984
4_7700,2014,1.9999999999999978
4_77500,2014,4.999999999999993
4_77902,2014,6.0
4_77903,2014,1.999999999999998
4_77904,2014,2.999999999999992
4_77905,2014,1.9999999999999978
4_77906,2014,6.999999999999997
4_77907,2014,1.0
4_77908,2014,4.999999999999998
4_78800,2014,1.9999999999999998
4_7900,2014,1.999999999999998
4_79000,2014,2.9999999999999996
4_79200,2014,0.0
4_79701,2014,7.9999999999999964
4_79702,2014,17.999999999999993
4_79900,2014,4.999999999999997
4_800,2014,1.9999999999999993
4_80301,2014,0.9999999999999936
4_80302,2014,0.9999999999999984
4_80900,2014,3.9999999999999925
4_8100,2014,0.0
4_81400,2014,0.9999999999999938
4_81800,2014,3.9999999999999996
4_8300,2014,3.9999999999999947
4_83700,2014,0.0
4_83800,2014,2.999999999999999
4_84000,2014,1.9999999999999991
4_84500,2014,3.9999999999999982
4_84601,2014,0.0
4_84602,2014,2.999999999999999
4_84900,2014,13.999999999999988
4_8500,2014,0.9999999999999984
4_85300,2014,19.999999999999993
4_85500,2014,11.999999999999996
4_85700,2014,8.0
4_85900,2014,0.9999999999999996
4_8600,2014,2.999999999999995
4_86100,2014,3.0
4_86300,2014,5.999999999999999
4_86400,2014,1.9999999999999991
4_86500,2014,4.999999999999995
4_86900,2014,18.999999999999996
4_8700,2014,0.9999999999999997
4_87100,2014,21.999999999999993
4_8800,2014,1.9999999999999973
4_88400,2014,8.999999999999991
4_88901,2014,6.999999999999992
4_89200,2014,6.999999999999999
4_90700,2014,1.9999999999999962
4_9100,2014,0.0
4_91601,2014,0.9999999999999997
4_91900,2014,1.999999999999998
4_92200,2014,0.0
4_92500,2014,2.9999999999999987
4_92900,2014,0.9999999999999999
4_93401,2014,0.0
4_93402,2014,3.9999999999999996
4_93800,2014,1.9999999999999964
4_93900,2014,1.0
4_9400,2014,9.0
4_94201,2014,2.0
4_94202,2014,1.9999999999999944
4_94203,2014,1.9999999999999982
4_94500,2014,3.999999999999996
4_94700,2014,1.9999999999999991
4_9500,2014,1.9999999999999991
4_95400,2014,2.999999999999997
4_9600,2014,3.9999999999999987
4_96400,2014,3.999999999999999
4_9700,2014,0.0
4_97202,2014,0.0
4_97203,2014,1.9999999999999978
4_97204,2014,0.9999999999999983
4_97300,2014,0.0
4_9800,2014,3.9999999999999973
4_98100,2014,1.999999999999997
4_98700,2014,1.9999999999999978
4_9900,2014,0.0
4_99100,2014,0.0
4_99200,2014,2.999999999999999
4_99701,2014,0.9999999999999997
4_99703,2014,0.9999999999999997
4_99704,2014,2.999999999999997
4_99705,2014,0.0
4_99801,2014,6.0
4_99802,2014,3.9999999999999996
5_10500,2014,11.999999999999996
5_1100,2014,2.0
5_11201,2014,6.0
5_11202,2014,6.999999999999996
5_11401,2014,0.9999999999999983
5_11402,2014,3.0
5_12100,2014,1.9999999999999944
5_12200,2014,0.0
5_12500,2014,0.9999999999999921
5_12804,2014,3.0
5_12805,2014,0.0
5_12806,2014,3.9999999999999964
5_13201,2014,0.9999999999999989
5_13203,2014,2.0
5_13204,2014,3.9999999999999964
5_13302,2014,7.999999999999998
5_13400,2014,3.999999999999995
5_13800,2014,3.999999999999998
5_14100,2014,0.9999999999999996
5_14604,2014,3.999999999999996
5_14605,2014,1.0
5_14606,2014,0.999999999999999
5_14607,2014,0.0
5_14608,2014,0.9999999999999984
5_14700,2014,3.9999999999999982
5_15100,2014,2.999999999999999
5_15400,2014,0.0
5_15601,2014,2.9999999999999964
5_15602,2014,0.9999999999999946
5_15603,2014,3.999999999999992
5_16901,2014,7.999999999999993
5_1700,2014,4.999999999999998
5_17005,2014,0.9999999999999996
5_17007,2014,0.9999999999999989
5_17008,2014,0.0
5_17009,2014,0.0
5_17010,2014,0.0
5_17011,2014,0.9999999999999997
5_17012,2014,0.0
5_17300,2014,0.0
5_17600,2014,0.9999999999999946
5_17700,2014,6.999999999999983
5_1800,2014,0.0
5_18100,2014,3.9999999999999907
5_18701,2014,0.9999999999999997
5_18702,2014,0.0
5_19800,2014,2.9999999999999987
5_2001,2014,2.9999999999999964
5_2002,2014,5.999999999999997
5_20801,2014,1.999999999999998
5_20803,2014,0.9999999999999989
5_20804,2014,1.999999999999997
5_2100,2014,10.999999999999988
5_22600,2014,1.9999999999999951
5_22800,2014,2.9999999999999956
5_24401,2014,0.0
5_24402,2014,0.0
5_24800,2014,0.9999999999999933
5_2700,2014,0.0
5_27900,2014,0.0
5_2900,2014,4.999999999999989
5_300,2014,5.999999999999993
5_3300,2014,2.9999999999999964
5_3600,2014,2.9999999999999987
5_3900,2014,0.9999999999999999
5_4000,2014,11.999999999999986
5_4700,2014,2.999999999999996
5_5000,2014,3.0
5_5900,2014,0.0
5_600,2014,2.9999999999999956
5_6400,2014,2.999999999999995
5_6700,2014,5.999999999999996
5_700,2014,0.0
5_7000,2014,6.999999999999991
5_7400,2014,1.9999999999999991
5_7500,2014,4.999999999999994
5_7700,2014,0.0
5_800,2014,2.9999999999999956
5_8100,2014,0.9999999999999984
5_900,2014,0.0
5_9601,2014,3.999999999999996
5_9602,2014,2.9999999999999916
5_9700,2014,4.0
1_10000,2015,12.999999999999988
1_1001,2015,0.0
1_1002,2015,0.0
1_10100,2015,12.999999999999975
1_10200,2015,14.999999999999979
1_10300,2015,12.999999999999979
1_10400,2015,3.9999999999999933
1_10601,2015,1.9999999999999911
1_10602,2015,3.999999999999996
1_10800,2015,20.999999999999982
1_10900,2015,18.999999999999975
1_11000,2015,20.999999999999986
1_11100,2015,12.999999999999998
1_11201,2015,7.999999999999992
1_11202,2015,4.999999999999979
1_11203,2015,15.999999999999998
1_11300,2015,24.999999999999996
1_11401,2015,3.9999999999999982
1_11402,2015,9.999999999999995
1_11500,2015,31.999999999999957
1_11600,2015,8.999999999999998
1_11700,2015,1.9999999999999853
1_11800,2015,8.0
1_11900,2015,15.999999999999991
1_1200,2015,1.0
1_12000,2015,5.999999999999994
1_12100,2015,15.99999999999999
1_12200,2015,1.9999999999999967
1_12400,2015,15.999999999999982
1_12500,2015,12.999999999999961
1_12600,2015,6.999999999999989
1_12700,2015,12.999999999999995
1_12800,2015,9.999999999999996
1_12900,2015,16.999999999999957
1_1300,2015,4.999999999999996
1_13000,2015,5.99999999999999
1_13100,2015,7.999999999999979
1_13200,2015,6.999999999999996
1_13300,2015,11.999999999999986
1_13400,2015,20.0
1_13500,2015,17.99999999999997
1_13600,2015,6.999999999999993
1_13700,2015,7.999999999999978
1_13800,2015,2.9999999999999925
1_13900,2015,9.999999999999996
1_14000,2015,7.0
1_1401,2015,0.0
1_1402,2015,6.999999999999996
1_14200,2015,7.999999999999989
1_14300,2015,28.99999999999995
1_14401,2015,4.999999999999996
1_14402,2015,6.999999999999997
1_14500,2015,10.999999999999982
1_14601,2015,0.999999999999999
1_14602,2015,2.9999999999999964
1_14700,2015,1.9999999999999976
1_14801,2015,1.9999999999999973
1_14802,2015,9.0
1_14900,2015,12.999999999999988
1_15001,2015,3.0
1_15002,2015,2.9999999999999964
1_1501,2015,5.0
1_1502,2015,11.0
1_15100,2015,5.999999999999994
1_15200,2015,4.999999999999999
1_15300,2015,7.9999999999999964
1_15400,2015,5.999999999999999
1_15500,2015,3.999999999999995
1_15601,2015,4.999999999999987
1_15602,2015,2.9999999999999964
1_15700,2015,3.9999999999999996
1_15801,2015,2.999999999999992
1_15802,2015,3.9999999999999987
1_15900,2015,3.9999999999999902
1_1600,2015,10.999999999999993
1_16001,2015,0.9999999999999919
1_16002,2015,4.999999999999995
1_16100,2015,0.999999999999993
1_16200,2015,2.9999999999999973
1_16300,2015,4.999999999999999
1_16400,2015,6.9999999999999964
1_16500,2015,2.999999999999995
1_16600,2015,6.999999999999999
1_16700,2015,6.999999999999998
1_16800,2015,5.999999999999992
1_16900,2015,2.999999999999999
1_17000,2015,6.999999999999994
1_17100,2015,3.9999999999999982
1_17200,2015,11.0
1_17300,2015,1.9999999999999991
1_17401,2015,4.0
1_17402,2015,1.9999999999999962
1_17500,2015,7.0
1_17700,2015,7.999999999999994
1_17800,2015,11.999999999999998
1_17900,2015,5.999999999999994
1_1800,2015,18.99999999999998
1_18000,2015,9.999999999999993
1_18100,2015,5.999999999999993
1_18200,2015,12.999999999999995
1_18300,2015,8.0
1_18400,2015,9.999999999999995
1_18500,2015,4.999999999999992
1_18600,2015,0.0
1_18700,2015,0.9999999999999937
1_18800,2015,10.999999999999995
1_18900,2015,9.999999999999995
1_19000,2015,0.9999999999999999
1_19100,2015,5.999999999999998
1_19200,2015,0.0
1_19300,2015,2.999999999999992
1_19400,2015,10.999999999999991
1_19500,2015,1.9999999999999971
1_19600,2015,26.999999999999996
1_19701,2015,1.9999999999999978
1_19702,2015,0.9999999999999984
1_19800,2015,15.999999999999995
1_19900,2015,1.0
1_2000,2015,0.9999999999999989
1_20000,2015,8.999999999999986
1_201,2015,2.0
1_20101,2015,0.0
1_20102,2015,7.9999999999999964
1_202,2015,3.9999999999999982
1_20300,2015,0.0
1_20500,2015,3.9999999999999942
1_20600,2015,9.999999999999995
1_20800,2015,1.999999999999997
1_20901,2015,7.999999999999994
1_2100,2015,18.999999999999982
1_21000,2015,0.9999999999999997
1_21100,2015,5.999999999999997
1_21200,2015,14.0
1_21303,2015,5.999999999999999
1_21400,2015,4.999999999999995
1_21500,2015,0.9999999999999983
1_21600,2015,1.0
1_21703,2015,3.999999999999995
1_21800,2015,7.0
1_21900,2015,3.999999999999999
1_22000,2015,1.9999999999999944
1_2201,2015,5.99999999999999
1_2202,2015,7.0
1_22102,2015,5.999999999999997
1_22200,2015,13.999999999999995
1_22301,2015,5.999999999999998
1_22302,2015,0.9999999999999984
1_22400,2015,8.999999999999996
1_22500,2015,8.0
1_22600,2015,8.999999999999998
1_22700,2015,4.999999999999998
1_22800,2015,10.0
1_22900,2015,9.999999999999998
1_23000,2015,2.999999999999997
1_23100,2015,4.999999999999991
1_23200,2015,15.999999999999998
1_23300,2015,1.9999999999999978
1_23400,2015,0.9999999999999982
1_23501,2015,2.999999999999997
1_23502,2015,1.9999999999999991
1_23600,2015,4.999999999999989
1_23700,2015,4.999999999999998
1_23900,2015,1.999999999999998
1_2400,2015,0.0
1_24000,2015,0.0
1_24100,2015,6.999999999999992
1_24200,2015,8.999999999999975
1_24301,2015,0.0
1_24500,2015,22.0
1_24700,2015,0.9999999999999928
1_24900,2015,1.9999999999999998
1_2500,2015,1.9999999999999964
1_25100,2015,6.999999999999996
1_25300,2015,10.0
1_25500,2015,3.999999999999998
1_25700,2015,5.0
1_25900,2015,5.999999999999997
1_2601,2015,9.0
1_2602,2015,3.999999999999995
1_26100,2015,4.999999999999995
1_26300,2015,7.999999999999994
1_26500,2015,5.999999999999991
1_26700,2015,0.9999999999999997
1_26900,2015,8.999999999999991
1_2700,2015,6.9999999999999964
1_27100,2015,11.999999999999986
1_27300,2015,3.9999999999999996
1_27500,2015,1.0
1_27700,2015,2.9999999999999964
1_27900,2015,5.999999999999994
1_2800,2015,3.0
1_28100,2015,0.9999999999999996
1_28300,2015,1.9999999999999976
1_28500,2015,1.9999999999999984
1_28700,2015,8.999999999999998
1_2900,2015,9.999999999999982
1_29100,2015,7.999999999999999
1_29300,2015,11.999999999999998
1_29500,2015,3.9999999999999947
1_29700,2015,1.9999999999999978
1_29900,2015,15.0
1_3001,2015,8.99999999999999
1_3002,2015,0.0
1_30300,2015,9.999999999999995
1_30700,2015,0.0
1_3100,2015,16.999999999999968
1_31100,2015,0.999999999999999
1_31703,2015,4.0
1_31704,2015,3.999999999999991
1_3200,2015,7.999999999999996
1_3300,2015,6.999999999999991
1_3400,2015,6.999999999999991
1_3601,2015,3.999999999999995
1_3602,2015,5.999999999999994
1_3700,2015,12.999999999999986
1_3800,2015,17.0
1_3900,2015,7.99999999999999
1_4000,2015,25.0
1_4100,2015,18.99999999999998
1_4200,2015,3.9999999999999964
1_4300,2015,8.999999999999988
1_4400,2015,2.999999999999998
1_4500,2015,4.9999999999999885
1_4700,2015,12.999999999999986
1_4800,2015,11.999999999999988
1_4900,2015,11.999999999999988
1_5000,2015,7.999999999999991
1_5200,2015,5.999999999999998
1_5400,2015,7.999999999999991
1_5501,2015,1.999999999999998
1_5502,2015,13.0
1_5600,2015,14.999999999999986
1_5700,2015,1.9999999999999976
1_5800,2015,13.999999999999998
1_5900,2015,4.999999999999998
1_600,2015,5.999999999999997
1_6000,2015,8.0
1_6100,2015,9.999999999999998
1_6200,2015,15.999999999999995
1_6300,2015,12.999999999999984
1_6400,2015,11.999999999999988
1_6500,2015,4.999999999999992
1_6600,2015,23.999999999999996
1_6700,2015,10.999999999999995
1_6800,2015,22.99999999999998
1_6900,2015,0.9999999999999953
1_700,2015,2.9999999999999925
1_7000,2015,14.999999999999995
1_7100,2015,4.9999999999999885
1_7200,2015,19.999999999999993
1_7300,2015,4.999999999999997
1_7400,2015,16.999999999999982
1_7500,2015,4.9999999999999964
1_7600,2015,17.99999999999998
1_7700,2015,9.999999999999988
1_7800,2015,33.99999999999994
1_7900,2015,6.999999999999989
1_800,2015,17.999999999999996
1_8000,2015,14.999999999999968
1_8100,2015,7.999999999999992
1_8200,2015,9.999999999999972
1_8300,2015,11.99999999999998
1_8400,2015,9.999999999999993
1_8601,2015,4.0
1_8603,2015,3.9999999999999982
1_8700,2015,8.99999999999998
1_8800,2015,19.99999999999999
1_8900,2015,4.999999999999995
1_900,2015,12.999999999999996
1_9000,2015,13.999999999999993
1_9100,2015,14.999999999999984
1_9200,2015,12.999999999999998
1_9300,2015,3.9999999999999845
1_9400,2015,10.999999999999986
1_9500,2015,16.999999999999993
1_9600,2015,13.999999999999991
1_9700,2015,10.999999999999995
1_9800,2015,11.999999999999988
1_9900,2015,16.999999999999993
2_11000,2015,0.0
2_11502,2015,1.9999999999999902
2_11700,2015,0.0
2_11800,2015,0.0
2_11900,2015,3.999999999999999
2_12101,2015,4.0
2_12102,2015,0.0
2_12300,2015,5.999999999999996
2_12500,2015,3.9999999999999973
2_12701,2015,7.0
2_12901,2015,1.999999999999998
2_13000,2015,0.0
2_13100,2015,2.999999999999998
2_13200,2015,2.9999999999999973
2_13300,2015,9.0
2_13500,2015,3.0
2_13800,2015,1.0
2_14100,2015,3.999999999999998
2_14300,2015,1.9999999999999998
2_14400,2015,0.9999999999999989
2_14500,2015,4.999999999999999
2_14701,2015,7.0
2_14702,2015,2.999999999999997
2_14900,2015,2.9999999999999996
2_15100,2015,3.0
2_15200,2015,5.9999999999999964
2_15300,2015,3.9999999999999982
2_15500,2015,6.999999999999997
2_15700,2015,3.9999999999999982
2_15800,2015,2.9999999999999987
2_15900,2015,10.0
2_1600,2015,3.999999999999998
2_16000,2015,0.0
2_16100,2015,4.0
2_16200,2015,0.0
2_16300,2015,3.9999999999999982
2_16400,2015,0.9999999999999969
2_16500,2015,1.999999999999997
2_16600,2015,0.9999999999999989
2_16700,2015,6.999999999999993
2_16900,2015,3.0
2_17100,2015,0.0
2_17300,2015,2.0
2_17500,2015,5.999999999999996
2_17701,2015,3.9999999999999956
2_17702,2015,0.9999999999999989
2_17901,2015,4.999999999999998
2_17902,2015,0.0
2_18101,2015,1.0
2_18102,2015,6.0
2_18302,2015,8.999999999999996
2_18400,2015,4.999999999999997
2_18500,2015,14.999999999999996
2_18900,2015,0.9999999999999983
2_1900,2015,12.999999999999996
2_19300,2015,0.9999999999999997
2_19400,2015,1.9999999999999902
2_19500,2015,6.999999999999992
2_19700,2015,10.999999999999998
2_19900,2015,7.0
2_200,2015,1.9999999999999993
2_2000,2015,3.0
2_20000,2015,19.99999999999998
2_20100,2015,1.9999999999999993
2_20200,2015,1.9999999999999993
2_20400,2015,1.0
2_20501,2015,0.9999999999999989
2_20601,2015,1.9999999999999978
2_20900,2015,3.999999999999995
2_21001,2015,6.0
2_21002,2015,3.9999999999999987
2_21100,2015,1.9999999999999967
2_21200,2015,1.9999999999999996
2_21301,2015,0.0
2_21302,2015,0.0
2_21501,2015,0.9999999999999999
2_21502,2015,2.9999999999999964
2_21601,2015,3.9999999999999942
2_21602,2015,7.999999999999993
2_21700,2015,4.999999999999998
2_21800,2015,1.9999999999999993
2_21900,2015,3.9999999999999973
2_22000,2015,5.999999999999999
2_22101,2015,1.9999999999999978
2_22102,2015,5.999999999999999
2_22200,2015,1.9999999999999967
2_22300,2015,6.0
2_22401,2015,2.9999999999999964
2_22403,2015,0.9999999999999989
2_22404,2015,0.0
2_22500,2015,4.999999999999996
2_22701,2015,0.0
2_22702,2015,5.999999999999999
2_22703,2015,0.9999999999999996
2_22800,2015,0.9999999999999996
2_22901,2015,0.9999999999999988
2_22902,2015,5.0
2_2300,2015,1.9999999999999993
2_23000,2015,0.0
2_23100,2015,0.9999999999999986
2_23200,2015,0.9999999999999997
2_23301,2015,2.999999999999997
2_23302,2015,5.999999999999997
2_23501,2015,4.999999999999998
2_23502,2015,2.0
2_23600,2015,0.999999999999999
2_23702,2015,9.999999999999995
2_23703,2015,6.0
2_23704,2015,2.9999999999999987
2_23800,2015,7.999999999999994
2_23900,2015,3.0
2_2400,2015,0.0
2_24000,2015,3.9999999999999987
2_24100,2015,6.999999999999997
2_24300,2015,2.0
2_24400,2015,5.999999999999997
2_24501,2015,0.9999999999999984
2_24502,2015,0.9999999999999999
2_24600,2015,0.9999999999999997
2_24700,2015,0.0
2_24800,2015,1.9999999999999984
2_2500,2015,1.9999999999999978
2_25000,2015,4.999999999999999
2_25100,2015,9.999999999999995
2_25200,2015,4.999999999999998
2_25300,2015,2.999999999999998
2_25400,2015,1.0
2_25500,2015,4.0
2_25600,2015,0.9999999999999976
2_25700,2015,0.0
2_26100,2015,0.0
2_26300,2015,20.0
2_26400,2015,0.9999999999999948
2_26500,2015,19.999999999999996
2_26601,2015,0.0
2_26602,2015,4.999999999999998
2_26701,2015,3.999999999999998
2_26702,2015,2.0
2_26900,2015,7.999999999999999
2_2701,2015,0.0
2_2702,2015,5.999999999999994
2_27300,2015,2.9999999999999964
2_27401,2015,0.9999999999999982
2_27402,2015,2.9999999999999996
2_27600,2015,0.9999999999999989
2_27700,2015,6.0
2_27900,2015,4.0
2_2800,2015,3.9999999999999933
2_28100,2015,1.999999999999997
2_28300,2015,2.9999999999999973
2_28400,2015,2.9999999999999987
2_28500,2015,1.9999999999999964
2_28600,2015,1.9999999999999964
2_28700,2015,2.999999999999997
2_28800,2015,1.9999999999999976
2_28900,2015,6.999999999999993
2_29302,2015,0.0
2_29500,2015,1.9999999999999967
2_29600,2015,0.9999999999999986
2_29700,2015,0.9999999999999984
2_30000,2015,2.9999999999999987
2_30100,2015,0.0
2_30200,2015,0.9999999999999996
2_30701,2015,1.9999999999999998
2_30900,2015,0.9999999999999999
2_3100,2015,0.0
2_31000,2015,0.0
2_31200,2015,0.0
2_31400,2015,0.9999999999999983
2_31600,2015,0.0
2_31800,2015,1.9999999999999993
2_31900,2015,0.0
2_32300,2015,0.0
2_32400,2015,1.9999999999999993
2_32600,2015,0.9999999999999996
2_32800,2015,4.999999999999999
2_3300,2015,0.999999999999999
2_33000,2015,5.999999999999993
2_33201,2015,4.0
2_33202,2015,3.9999999999999947
2_33400,2015,2.9999999999999867
2_33500,2015,0.0
2_33600,2015,2.9999999999999987
2_33700,2015,6.999999999999997
2_33800,2015,2.9999999999999964
2_34000,2015,2.9999999999999964
2_34200,2015,1.9999999999999976
2_34300,2015,0.9999999999999996
2_34400,2015,0.9999999999999997
2_34500,2015,1.9999999999999991
2_34800,2015,3.9999999999999956
2_3500,2015,1.999999999999997
2_35000,2015,0.0
2_35100,2015,0.0
2_35600,2015,2.999999999999989
2_35800,2015,7.999999999999997
2_35900,2015,0.9999999999999983
2_36000,2015,0.0
2_36100,2015,3.999999999999996
2_36300,2015,13.999999999999998
2_36400,2015,4.999999999999997
2_36501,2015,2.999999999999997
2_36502,2015,0.9999999999999984
2_36700,2015,0.9999999999999989
2_36800,2015,0.999999999999996
2_36901,2015,3.9999999999999964
2_36902,2015,0.9999999999999989
2_3700,2015,4.999999999999998
2_37000,2015,0.0
2_37100,2015,1.999999999999997
2_37200,2015,2.999999999999998
2_37300,2015,4.9999999999999964
2_37400,2015,7.999999999999996
2_37504,2015,7.999999999999996
2_37600,2015,0.9999999999999997
2_37800,2015,2.999999999999997
2_37900,2015,8.999999999999996
2_3800,2015,0.0
2_38000,2015,1.999999999999998
2_38100,2015,2.999999999999995
2_38200,2015,3.0
2_38301,2015,7.999999999999994
2_38302,2015,9.0
2_38500,2015,4.0
2_38600,2015,6.9999999999999964
2_38700,2015,9.0
2_38800,2015,0.0
2_38900,2015,4.999999999999995
2_3900,2015,5.999999999999985
2_39000,2015,0.9999999999999983
2_39100,2015,2.999999999999999
2_39200,2015,2.9999999999999987
2_39300,2015,2.999999999999999
2_39400,2015,2.999999999999999
2_39500,2015,4.999999999999992
2_39600,2015,9.0
2_39700,2015,12.999999999999998
2_39800,2015,1.9999999999999984
2_39901,2015,8.999999999999996
2_39902,2015,1.9999999999999942
2_400,2015,0.9999999999999996
2_4001,2015,0.9999999999999996
2_40100,2015,7.999999999999996
2_40302,2015,5.999999999999997
2_40303,2015,5.0
2_40304,2015,4.0
2_40400,2015,0.0
2_40501,2015,5.0
2_40502,2015,4.999999999999998
2_40600,2015,9.999999999999998
2_40701,2015,2.9999999999999987
2_40702,2015,8.0
2_40800,2015,0.999999999999999
2_40900,2015,5.999999999999994
2_4100,2015,3.0
2_41100,2015,1.9999999999999998
2_41300,2015,1.0
2_41400,2015,2.999999999999994
2_41500,2015,2.0
2_41800,2015,3.9999999999999947
2_41900,2015,10.999999999999996
2_4200,2015,8.0
2_42000,2015,4.999999999999989
2_42100,2015,9.999999999999996
2_42200,2015,9.0
2_42300,2015,0.0
2_42400,2015,1.9999999999999993
2_42500,2015,1.9999999999999907
2_42600,2015,2.999999999999999
2_42800,2015,0.999999999999999
2_42901,2015,3.999999999999996
2_42902,2015,2.0
2_4300,2015,13.999999999999995
2_43000,2015,1.999999999999998
2_43100,2015,19.999999999999986
2_43400,2015,6.999999999999992
2_43500,2015,5.999999999999989
2_43600,2015,0.0
2_4400,2015,3.0
2_44200,2015,2.999999999999997
2_44400,2015,2.0
2_44800,2015,0.0
2_44901,2015,0.0
2_44902,2015,0.0
2_45101,2015,1.9999999999999978
2_45102,2015,1.9999999999999996
2_45600,2015,1.0
2_45800,2015,2.999999999999996
2_4600,2015,5.999999999999999
2_46000,2015,6.0
2_46201,2015,20.999999999999993
2_46202,2015,5.999999999999981
2_4800,2015,3.9999999999999964
2_48400,2015,13.999999999999988
2_5001,2015,3.9999999999999982
2_5002,2015,0.0
2_5100,2015,9.0
2_51600,2015,0.9999999999999946
2_5200,2015,6.0
2_5300,2015,7.0
2_5400,2015,3.999999999999998
2_5600,2015,0.9999999999999989
2_5902,2015,4.999999999999998
2_6000,2015,6.0
2_6100,2015,7.0
2_6200,2015,11.999999999999996
2_6300,2015,13.999999999999975
2_6400,2015,4.999999999999997
2_6500,2015,17.999999999999982
2_6700,2015,4.999999999999995
2_6800,2015,2.9999999999999987
2_6900,2015,7.999999999999997
2_7000,2015,3.0
2_7100,2015,5.9999999999999964
2_7200,2015,2.999999999999998
2_7300,2015,0.9999999999999982
2_7400,2015,0.9999999999999988
2_7500,2015,3.9999999999999982
2_7600,2015,5.999999999999999
2_7700,2015,5.999999999999998
2_7800,2015,3.9999999999999956
2_7900,2015,3.999999999999995
2_8300,2015,9.0
2_8500,2015,8.0
2_8600,2015,0.9999999999999976
2_8700,2015,12.999999999999998
2_8900,2015,2.9999999999999987
2_9000,2015,3.999999999999994
2_9200,2015,4.999999999999998
2_9300,2015,14.99999999999997
2_9600,2015,0.0
2_9800,2015,3.9999999999999956
3_100,2015,0.9999999999999919
3_10000,2015,7.999999999999995
3_100400,2015,3.9999999999999987
3_100600,2015,0.0
3_100800,2015,2.0
3_10100,2015,3.0
3_101000,2015,0.9999999999999996
3_101200,2015,3.9999999999999987
3_101400,2015,0.0
3_101600,2015,1.0
3_101800,2015,0.0
3_10200,2015,2.999999999999997
3_102000,2015,0.0
3_102200,2015,0.9999999999999989
3_102400,2015,12.0
3_102600,2015,0.0
3_102800,2015,3.999999999999996
3_103400,2015,0.9999999999999996
3_10400,2015,8.999999999999993
3_105801,2015,0.0
3_105804,2015,11.999999999999986
3_10600,2015,8.0
3_107000,2015,2.999999999999995
3_107800,2015,0.0
3_10800,2015,5.999999999999998
3_109800,2015,1.9999999999999842
3_1100,2015,2.9999999999999916
3_11000,2015,7.0
3_110400,2015,14.999999999999968
3_110600,2015,2.0
3_111000,2015,0.0
3_111600,2015,4.999999999999991
3_111800,2015,2.0
3_11200,2015,7.0
3_112000,2015,3.9999999999999987
3_112200,2015,0.9999999999999997
3_112400,2015,0.0
3_112600,2015,5.9999999999999964
3_112800,2015,5.999999999999993
3_113000,2015,0.9999999999999989
3_113200,2015,3.999999999999995
3_113400,2015,2.9999999999999964
3_11400,2015,7.999999999999997
3_114201,2015,3.9999999999999987
3_114202,2015,0.9999999999999989
3_114400,2015,6.999999999999986
3_114600,2015,1.9999999999999991
3_115000,2015,2.999999999999998
3_115200,2015,6.999999999999998
3_115600,2015,3.999999999999996
3_115800,2015,0.9999999999999997
3_11600,2015,8.999999999999996
3_116000,2015,5.0
3_116200,2015,2.0
3_116400,2015,0.9999999999999996
3_116600,2015,1.999999999999999
3_116800,2015,6.0
3_11700,2015,0.9999999999999882
3_117000,2015,2.999999999999992
3_117201,2015,2.0
3_117202,2015,0.9999999999999997
3_117400,2015,9.999999999999991
3_117601,2015,0.0
3_117602,2015,0.9999999999999984
3_117800,2015,3.9999999999999996
3_11800,2015,9.999999999999991
3_118000,2015,2.0
3_118201,2015,0.9999999999999984
3_118202,2015,2.0
3_118400,2015,3.9999999999999982
3_118600,2015,0.9999999999999996
3_118800,2015,0.999999999999999
3_11900,2015,5.999999999999993
3_119000,2015,3.999999999999996
3_119200,2015,11.999999999999993
3_119400,2015,3.999999999999999
3_119600,2015,11.999999999999998
3_119800,2015,8.999999999999984
3_12000,2015,3.9999999999999956
3_120000,2015,4.0
3_120200,2015,0.9999999999999988
3_120800,2015,4.999999999999989
3_12100,2015,1.0
3_121000,2015,1.9999999999999964
3_121400,2015,1.9999999999999982
3_12200,2015,6.999999999999997
3_122000,2015,10.999999999999998
3_123700,2015,12.999999999999984
3_12600,2015,1.9999999999999976
3_12700,2015,3.9999999999999996
3_12801,2015,1.9999999999999984
3_12901,2015,0.999999999999995
3_12902,2015,7.999999999999997
3_1300,2015,6.999999999999993
3_13000,2015,4.999999999999994
3_13100,2015,0.9999999999999989
3_13200,2015,1.9999999999999996
3_13300,2015,4.0
3_13400,2015,3.9999999999999982
3_13500,2015,2.9999999999999987
3_13600,2015,4.0
3_13700,2015,1.9999999999999993
3_13800,2015,5.9999999999999964
3_13900,2015,9.0
3_14000,2015,0.0
3_14100,2015,0.9999999999999976
3_14200,2015,0.9999999999999969
3_14300,2015,3.0
3_14500,2015,3.999999999999997
3_14700,2015,1.9999999999999998
3_14800,2015,2.0
3_14900,2015,6.0
3_1500,2015,19.999999999999968
3_15000,2015,1.9999999999999991
3_150200,2015,3.999999999999999
3_15100,2015,1.9999999999999998
3_15200,2015,1.0
3_152200,2015,9.999999999999996
3_15300,2015,2.999999999999997
3_15400,2015,1.9999999999999962
3_15500,2015,0.0
3_15700,2015,3.9999999999999933
3_15900,2015,4.999999999999999
3_16000,2015,9.999999999999991
3_16100,2015,2.9999999999999907
3_16200,2015,0.9999999999999983
3_16300,2015,2.999999999999997
3_16400,2015,0.0
3_16500,2015,1.9999999999999944
3_16600,2015,0.0
3_16700,2015,0.9999999999999972
3_16800,2015,0.9999999999999984
3_16900,2015,7.999999999999998
3_17000,2015,5.999999999999999
3_17100,2015,0.9999999999999996
3_17200,2015,2.999999999999999
3_17400,2015,0.0
3_17500,2015,0.9999999999999946
3_17600,2015,0.0
3_17700,2015,6.999999999999994
3_17800,2015,4.999999999999998
3_17900,2015,2.999999999999997
3_1800,2015,1.999999999999978
3_18000,2015,3.9999999999999982
3_18100,2015,1.999999999999998
3_18200,2015,1.999999999999998
3_18300,2015,3.9999999999999933
3_18400,2015,0.0
3_18501,2015,1.0
3_18600,2015,0.0
3_18800,2015,0.999999999999999
3_19000,2015,2.999999999999995
3_19100,2015,3.999999999999994
3_19200,2015,6.999999999999997
3_19300,2015,2.999999999999998
3_19400,2015,0.9999999999999943
3_19500,2015,7.0
3_19600,2015,0.0
3_19700,2015,7.999999999999995
3_19800,2015,1.9999999999999998
3_19900,2015,6.999999999999998
3_200,2015,4.999999999999993
3_2000,2015,3.9999999999999996
3_20000,2015,2.999999999999998
3_20100,2015,2.999999999999997
3_20200,2015,0.0
3_20300,2015,4.9999999999999964
3_20400,2015,0.9999999999999989
3_20500,2015,2.9999999999999996
3_20600,2015,0.9999999999999984
3_20700,2015,0.9999999999999989
3_20800,2015,2.999999999999997
3_2100,2015,6.999999999999991
3_21000,2015,2.999999999999998
3_21100,2015,0.0
3_21200,2015,0.999999999999999
3_21300,2015,4.999999999999998
3_21400,2015,1.9999999999999991
3_21500,2015,6.0
3_21600,2015,1.9999999999999998
3_21700,2015,4.999999999999995
3_21800,2015,1.9999999999999982
3_21900,2015,1.9999999999999978
3_2200,2015,5.999999999999997
3_22000,2015,9.0
3_22100,2015,10.999999999999996
3_22200,2015,5.999999999999997
3_22400,2015,5.999999999999999
3_22600,2015,4.999999999999998
3_22700,2015,8.999999999999988
3_22800,2015,3.999999999999996
3_22900,2015,3.999999999999998
3_2300,2015,6.999999999999998
3_23000,2015,2.9999999999999987
3_23100,2015,0.9999999999999969
3_23200,2015,9.999999999999993
3_23300,2015,0.999999999999996
3_23400,2015,5.999999999999997
3_23500,2015,6.0
3_23600,2015,4.999999999999998
3_23800,2015,6.0
3_24000,2015,3.9999999999999964
3_24100,2015,5.0
3_24200,2015,0.9999999999999984
3_24300,2015,0.9999999999999946
3_24400,2015,7.999999999999997
3_24500,2015,7.999999999999998
3_24600,2015,0.0
3_24700,2015,14.999999999999979
3_24800,2015,2.0
3_24900,2015,8.0
3_25000,2015,1.9999999999999951
3_25100,2015,2.999999999999995
3_25200,2015,8.999999999999993
3_25300,2015,6.0
3_25400,2015,5.0
3_25500,2015,2.9999999999999987
3_25600,2015,2.999999999999997
3_25700,2015,7.999999999999997
3_25800,2015,4.999999999999997
3_25901,2015,1.9999999999999991
3_25902,2015,9.999999999999996
3_26000,2015,0.9999999999999956
3_26100,2015,1.9999999999999993
3_26200,2015,3.0
3_26300,2015,3.9999999999999996
3_26400,2015,0.0
3_26500,2015,5.999999999999998
3_26600,2015,5.0
3_26700,2015,4.999999999999998
3_26800,2015,3.9999999999999982
3_26900,2015,3.999999999999996
3_27000,2015,7.000000000000001
3_27100,2015,14.000000000000002
3_27200,2015,1.0
3_27300,2015,10.999999999999996
3_27400,2015,2.9999999999999987
3_27500,2015,0.9999999999999996
3_27600,2015,1.9999999999999998
3_27700,2015,5.999999999999997
3_27800,2015,2.999999999999998
3_27900,2015,1.999999999999998
3_28000,2015,1.9999999999999991
3_28100,2015,3.9999999999999964
3_28200,2015,1.9999999999999993
3_28300,2015,2.9999999999999964
3_28400,2015,8.999999999999996
3_28501,2015,5.999999999999997
3_28502,2015,1.0
3_28600,2015,0.9999999999999997
3_28700,2015,2.9999999999999996
3_28800,2015,2.9999999999999996
3_28900,2015,4.9999999999999964
3_29000,2015,11.999999999999991
3_2901,2015,2.0
3_29100,2015,1.0
3_29200,2015,3.9999999999999982
3_29300,2015,1.0
3_29400,2015,0.0
3_29500,2015,2.999999999999995
3_29600,2015,4.9999999999999964
3_29700,2015,4.999999999999998
3_29800,2015,2.999999999999997
3_29900,2015,4.0
3_3000,2015,0.0
3_30000,2015,5.0
3_301,2015,0.0
3_30100,2015,0.9999999999999988
3_30200,2015,1.0
3_30300,2015,2.999999999999997
3_30400,2015,2.999999999999998
3_30500,2015,3.999999999999994
3_30600,2015,3.999999999999999
3_30700,2015,10.999999999999982
3_30800,2015,0.999999999999996
3_30900,2015,0.9999999999999989
3_3100,2015,8.999999999999991
3_31100,2015,5.999999999999999
3_31300,2015,7.99999999999999
3_31400,2015,0.0
3_31500,2015,13.999999999999993
3_31701,2015,6.0
3_31702,2015,10.999999999999998
3_31900,2015,0.9999999999999989
3_32100,2015,7.999999999999997
3_32300,2015,8.999999999999991
3_32500,2015,3.9999999999999987
3_32600,2015,4.999999999999998
3_32700,2015,8.999999999999991
3_32800,2015,1.999999999999998
3_32900,2015,4.999999999999997
3_3300,2015,9.999999999999998
3_33000,2015,0.9999999999999997
3_33100,2015,0.9999999999999983
3_33300,2015,0.9999999999999976
3_33500,2015,7.999999999999998
3_33600,2015,1.9999999999999998
3_33700,2015,6.999999999999994
3_33900,2015,4.0
3_3400,2015,1.999999999999998
3_34000,2015,0.0
3_34100,2015,5.0
3_34200,2015,3.9999999999999982
3_34300,2015,0.0
3_34500,2015,4.999999999999995
3_34700,2015,0.9999999999999988
3_34800,2015,7.999999999999986
3_34900,2015,21.0
3_3500,2015,8.999999999999986
3_35000,2015,2.999999999999997
3_35100,2015,6.9999999999999964
3_35200,2015,2.9999999999999964
3_35300,2015,11.999999999999991
3_35400,2015,5.999999999999998
3_35500,2015,23.999999999999996
3_35601,2015,0.9999999999999996
3_35602,2015,3.0
3_35700,2015,9.999999999999991
3_35900,2015,3.999999999999994
3_3600,2015,4.999999999999998
3_36001,2015,1.9999999999999993
3_36002,2015,1.9999999999999978
3_36100,2015,4.999999999999994
3_36200,2015,10.999999999999998
3_36300,2015,5.999999999999995
3_36400,2015,0.999999999999999
3_36501,2015,2.9999999999999916
3_36502,2015,3.9999999999999907
3_36600,2015,8.0
3_36700,2015,4.0
3_36900,2015,2.999999999999994
3_3700,2015,18.999999999999996
3_37000,2015,6.9999999999999964
3_37100,2015,8.0
3_37300,2015,5.999999999999999
3_37401,2015,1.9999999999999978
3_37402,2015,4.0
3_37500,2015,2.9999999999999982
3_37700,2015,3.9999999999999982
3_37900,2015,3.9999999999999996
3_3800,2015,1.0
3_38100,2015,7.999999999999996
3_38200,2015,1.9999999999999991
3_38300,2015,3.9999999999999982
3_38500,2015,0.9999999999999956
3_38600,2015,0.0
3_38700,2015,3.9999999999999964
3_38800,2015,1.9999999999999962
3_38900,2015,4.0
3_3900,2015,5.999999999999994
3_39000,2015,1.999999999999997
3_39100,2015,0.9999999999999989
3_39200,2015,1.9999999999999964
3_39300,2015,10.999999999999996
3_39400,2015,4.9999999999999964
3_39500,2015,3.0
3_39600,2015,0.9999999999999996
3_39700,2015,1.999999999999998
3_39800,2015,1.9999999999999982
3_39900,2015,2.999999999999995
3_40000,2015,1.9999999999999978
3_40100,2015,4.999999999999998
3_40200,2015,1.9999999999999951
3_40300,2015,1.999999999999997
3_40400,2015,1.9999999999999978
3_40500,2015,1.0
3_40700,2015,0.9999999999999996
3_40800,2015,1.9999999999999993
3_40900,2015,1.9999999999999991
3_4100,2015,5.99999999999999
3_41000,2015,0.0
3_41100,2015,4.0
3_41200,2015,2.9999999999999987
3_41300,2015,1.9999999999999976
3_41401,2015,3.9999999999999996
3_41402,2015,1.999999999999998
3_41500,2015,4.0
3_41600,2015,2.9999999999999964
3_41700,2015,1.9999999999999993
3_41800,2015,3.9999999999999964
3_41900,2015,2.999999999999998
3_42000,2015,4.999999999999998
3_42100,2015,4.999999999999997
3_42200,2015,3.9999999999999947
3_42300,2015,3.0
3_42400,2015,2.9999999999999996
3_42500,2015,1.9999999999999998
3_42600,2015,0.9999999999999969
3_42700,2015,4.999999999999998
3_42800,2015,3.0
3_42900,2015,7.0
3_4300,2015,4.999999999999992
3_43000,2015,3.0
3_43100,2015,8.999999999999998
3_43200,2015,2.999999999999997
3_43300,2015,1.9999999999999951
3_43400,2015,4.0
3_43500,2015,1.9999999999999978
3_43600,2015,6.999999999999999
3_43700,2015,2.999999999999997
3_43800,2015,4.999999999999992
3_43900,2015,6.0
3_4400,2015,0.0
3_44000,2015,1.9999999999999998
3_44100,2015,2.999999999999997
3_44200,2015,8.999999999999996
3_44300,2015,3.9999999999999982
3_44400,2015,1.999999999999995
3_44500,2015,4.0
3_44600,2015,2.9999999999999987
3_44700,2015,0.9999999999999984
3_44800,2015,3.9999999999999982
3_44900,2015,7.999999999999995
3_4500,2015,3.9999999999999987
3_45000,2015,0.9999999999999989
3_45200,2015,1.9999999999999978
3_45300,2015,2.0
3_45400,2015,6.999999999999997
3_45600,2015,2.999999999999998
3_45800,2015,0.0
3_4600,2015,0.0
3_46000,2015,3.9999999999999982
3_46201,2015,0.0
3_46202,2015,1.9999999999999998
3_46400,2015,2.9999999999999996
3_46800,2015,0.0
3_4700,2015,0.0
3_47000,2015,2.9999999999999987
3_47200,2015,1.0
3_47400,2015,0.999999999999999
3_47600,2015,7.9999999999999964
3_47700,2015,1.9999999999999967
3_47800,2015,4.0
3_48000,2015,8.999999999999996
3_48100,2015,3.0
3_48200,2015,8.999999999999996
3_48400,2015,7.0
3_48500,2015,12.999999999999986
3_48600,2015,3.9999999999999964
3_48800,2015,0.9999999999999996
3_48900,2015,1.9999999999999991
3_4900,2015,0.0
3_49000,2015,5.999999999999996
3_49100,2015,20.0
3_49200,2015,5.999999999999996
3_49300,2015,12.999999999999995
3_49400,2015,7.0
3_49500,2015,5.999999999999997
3_49600,2015,4.999999999999998
3_49700,2015,3.9999999999999947
3_49800,2015,2.0
3_49900,2015,0.0
3_5000,2015,0.0
3_50000,2015,0.9999999999999972
3_50100,2015,0.0
3_502,2015,1.9999999999999967
3_50202,2015,0.0
3_50300,2015,5.999999999999994
3_50400,2015,0.0
3_50500,2015,2.9999999999999987
3_50600,2015,5.0
3_50700,2015,4.999999999999997
3_50801,2015,4.0
3_50803,2015,0.0
3_50804,2015,8.999999999999996
3_50900,2015,3.9999999999999982
3_5100,2015,2.0
3_51001,2015,4.999999999999995
3_51002,2015,8.999999999999995
3_51100,2015,1.999999999999998
3_51200,2015,2.999999999999996
3_51300,2015,13.999999999999996
3_51400,2015,4.0
3_51500,2015,0.0
3_51601,2015,1.9999999999999982
3_51602,2015,6.999999999999997
3_51700,2015,3.9999999999999987
3_51800,2015,5.999999999999997
3_51900,2015,5.999999999999998
3_52000,2015,2.9999999999999987
3_5201,2015,0.0
3_5202,2015,0.0
3_52300,2015,8.0
3_52500,2015,14.0
3_52600,2015,4.999999999999997
3_52700,2015,4.9999999999999964
3_52800,2015,1.9999999999999991
3_52900,2015,1.999999999999998
3_5300,2015,2.9999999999999867
3_53000,2015,0.999999999999996
3_53100,2015,4.999999999999992
3_53200,2015,0.0
3_53300,2015,6.0
3_53400,2015,0.9999999999999988
3_53500,2015,8.999999999999995
3_53700,2015,6.999999999999996
3_53800,2015,4.999999999999998
3_53900,2015,0.0
3_5400,2015,0.0
3_54200,2015,5.999999999999999
3_54300,2015,0.9999999999999928
3_54400,2015,7.0
3_54500,2015,2.999999999999998
3_54600,2015,10.0
3_54700,2015,3.9999999999999987
3_54800,2015,1.0
3_54900,2015,2.9999999999999964
3_55000,2015,0.9999999999999989
3_55100,2015,1.9999999999999938
3_55200,2015,7.999999999999999
3_55300,2015,7.999999999999997
3_55400,2015,8.999999999999991
3_55500,2015,4.0
3_55600,2015,1.0
3_55700,2015,1.999999999999993
3_55800,2015,0.9999999999999996
3_56000,2015,5.999999999999999
3_5601,2015,0.0
3_5602,2015,0.9999999999999997
3_56100,2015,1.999999999999998
3_56200,2015,1.9999999999999998
3_56300,2015,2.999999999999997
3_56400,2015,0.0
3_56500,2015,2.9999999999999964
3_56600,2015,2.9999999999999996
3_56800,2015,0.0
3_56900,2015,2.999999999999999
3_57000,2015,3.9999999999999956
3_57100,2015,1.999999999999997
3_57200,2015,2.9999999999999987
3_57300,2015,0.9999999999999953
3_57400,2015,1.9999999999999998
3_57500,2015,0.9999999999999983
3_57600,2015,2.9999999999999987
3_57800,2015,0.999999999999999
3_57900,2015,0.9999999999999918
3_5800,2015,5.999999999999998
3_58000,2015,3.9999999999999956
3_58200,2015,1.999999999999997
3_58400,2015,1.999999999999997
3_58600,2015,3.0
3_58800,2015,4.999999999999997
3_58900,2015,4.999999999999998
3_5900,2015,1.999999999999999
3_59000,2015,2.999999999999995
3_59100,2015,0.9999999999999999
3_59200,2015,7.999999999999997
3_59300,2015,2.999999999999998
3_59401,2015,12.999999999999993
3_59402,2015,0.9999999999999983
3_59600,2015,2.0
3_59800,2015,0.0
3_6000,2015,1.9999999999999991
3_60000,2015,1.9999999999999967
3_60600,2015,4.999999999999999
3_60800,2015,2.9999999999999987
3_61002,2015,2.9999999999999987
3_61003,2015,1.9999999999999964
3_61004,2015,2.9999999999999964
3_61200,2015,0.0
3_61600,2015,0.0
3_6200,2015,0.0
3_62000,2015,0.0
3_62200,2015,0.9999999999999996
3_62600,2015,1.9999999999999982
3_62800,2015,2.0
3_6300,2015,0.9999999999999996
3_63200,2015,0.0
3_63600,2015,0.0
3_63800,2015,0.0
3_6400,2015,7.0
3_64200,2015,2.999999999999996
3_64400,2015,1.0
3_64600,2015,1.9999999999999991
3_64800,2015,0.9999999999999997
3_6500,2015,1.0
3_65000,2015,1.9999999999999998
3_65200,2015,0.9999999999999999
3_65400,2015,0.0
3_65600,2015,0.9999999999999999
3_65800,2015,0.0
3_6600,2015,2.999999999999998
3_66000,2015,0.0
3_66200,2015,8.999999999999996
3_66600,2015,2.999999999999999
3_6700,2015,2.999999999999998
3_67000,2015,2.9999999999999996
3_67200,2015,0.9999999999999996
3_67400,2015,0.0
3_67600,2015,0.9999999999999969
3_67800,2015,0.9999999999999976
3_6800,2015,5.999999999999991
3_68000,2015,0.9999999999999999
3_68200,2015,0.9999999999999988
3_68600,2015,1.999999999999998
3_68800,2015,1.0
3_6900,2015,0.9999999999999969
3_69000,2015,0.0
3_69200,2015,1.9999999999999967
3_69601,2015,4.0
3_69602,2015,0.0
3_69800,2015,2.0
3_700,2015,0.0
3_7000,2015,0.0
3_70201,2015,0.0
3_70202,2015,0.0
3_70600,2015,1.0
3_7100,2015,1.9999999999999978
3_7200,2015,1.999999999999998
3_72000,2015,2.9999999999999996
3_72200,2015,5.999999999999998
3_72400,2015,6.9999999999999964
3_72600,2015,0.0
3_72800,2015,2.0
3_73000,2015,4.999999999999999
3_73200,2015,1.9999999999999967
3_73400,2015,0.9999999999999988
3_73600,2015,1.999999999999998
3_73800,2015,0.9999999999999969
3_7400,2015,5.999999999999994
3_74000,2015,2.0
3_74200,2015,0.9999999999999953
3_74400,2015,0.9999999999999997
3_74600,2015,8.0
3_74800,2015,2.999999999999995
3_7500,2015,2.0
3_75000,2015,0.9999999999999983
3_75200,2015,2.9999999999999987
3_75400,2015,0.9999999999999984
3_75600,2015,0.0
3_75800,2015,1.0
3_7600,2015,3.9999999999999996
3_76000,2015,3.9999999999999947
3_76200,2015,2.999999999999998
3_76400,2015,3.9999999999999996
3_76600,2015,2.999999999999998
3_76800,2015,11.0
3_7700,2015,2.9999999999999973
3_77000,2015,7.999999999999995
3_77200,2015,7.9999999999999964
3_77400,2015,5.999999999999994
3_77600,2015,5.999999999999994
3_7800,2015,2.999999999999995
3_78000,2015,1.0
3_78200,2015,1.9999999999999964
3_78400,2015,0.9999999999999989
3_78600,2015,23.0
3_78800,2015,1.0
3_79000,2015,11.999999999999993
3_79200,2015,2.999999999999995
3_79400,2015,9.999999999999995
3_79601,2015,1.9999999999999982
3_79602,2015,7.9999999999999964
3_79801,2015,1.999999999999998
3_79802,2015,1.9999999999999956
3_8000,2015,3.9999999999999956
3_80000,2015,3.999999999999996
3_80200,2015,0.999999999999996
3_80400,2015,5.999999999999997
3_80600,2015,5.999999999999999
3_80800,2015,7.999999999999999
3_81000,2015,0.0
3_81400,2015,6.0
3_81600,2015,2.0
3_81800,2015,14.999999999999991
3_8200,2015,3.0
3_82000,2015,10.999999999999998
3_82200,2015,9.999999999999998
3_82400,2015,8.999999999999995
3_82600,2015,4.9999999999999964
3_82800,2015,8.999999999999996
3_83000,2015,14.999999999999991
3_83200,2015,0.0
3_83400,2015,0.0
3_83600,2015,1.9999999999999962
3_83800,2015,1.9999999999999978
3_8400,2015,2.9999999999999964
3_84000,2015,0.9999999999999932
3_84600,2015,2.999999999999996
3_84800,2015,0.9999999999999997
3_8500,2015,3.0
3_85000,2015,0.0
3_85200,2015,0.9999999999999984
3_85400,2015,2.9999999999999964
3_85600,2015,4.999999999999998
3_85800,2015,2.0
3_8600,2015,0.0
3_86000,2015,2.999999999999997
3_86200,2015,8.999999999999995
3_86400,2015,2.999999999999995
3_86600,2015,3.0
3_86800,2015,8.999999999999988
3_87000,2015,5.999999999999994
3_87200,2015,0.9999999999999983
3_87401,2015,3.0
3_87600,2015,4.0
3_87800,2015,7.999999999999998
3_8800,2015,5.999999999999997
3_88000,2015,10.999999999999995
3_88200,2015,3.0
3_88400,2015,2.999999999999998
3_88600,2015,6.0
3_88800,2015,8.999999999999988
3_89000,2015,5.0
3_89200,2015,12.99999999999999
3_89400,2015,3.9999999999999987
3_89600,2015,2.999999999999997
3_89800,2015,3.0
3_900,2015,3.9999999999999845
3_9000,2015,3.0
3_90000,2015,6.999999999999999
3_90200,2015,5.0
3_90600,2015,4.999999999999998
3_90800,2015,4.999999999999999
3_91000,2015,8.0
3_91200,2015,6.999999999999993
3_91600,2015,3.999999999999998
3_91800,2015,0.9999999999999972
3_9200,2015,3.999999999999997
3_92000,2015,5.0
3_92200,2015,1.9999999999999998
3_92400,2015,11.0
3_92800,2015,2.999999999999995
3_93000,2015,5.999999999999994
3_93200,2015,1.9999999999999976
3_93400,2015,0.9999999999999953
3_93600,2015,3.9999999999999942
3_93800,2015,0.9999999999999969
3_9400,2015,4.999999999999999
3_94401,2015,0.9999999999999989
3_94402,2015,1.0
3_94600,2015,1.9999999999999991
3_95000,2015,1.9999999999999993
3_95400,2015,6.999999999999997
3_95600,2015,7.999999999999998
3_95800,2015,1.9999999999999973
3_9600,2015,6.0
3_96000,2015,2.9999999999999987
3_96200,2015,2.0
3_96400,2015,3.9999999999999942
3_96600,2015,2.999999999999997
3_96800,2015,2.9999999999999996
3_97000,2015,3.999999999999996
3_97400,2015,7.999999999999992
3_9800,2015,6.0
3_98200,2015,6.999999999999996
3_98400,2015,0.0
3_98600,2015,0.0
3_98800,2015,1.9999999999999984
3_99000,2015,0.0
3_99200,2015,0.9999999999999983
3_99400,2015,0.0
3_99600,2015,2.9999999999999987
3_99800,2015,0.9999999999999989
4_100,2015,6.999999999999989
4_1000,2015,1.9999999999999993
4_10000,2015,0.9999999999999982
4_100801,2015,0.0
4_100802,2015,9.999999999999998
4_10100,2015,2.999999999999999
4_101001,2015,5.999999999999998
4_101002,2015,0.0
4_101700,2015,0.0
4_10200,2015,1.9999999999999976
4_102900,2015,0.0
4_10300,2015,1.0
4_103201,2015,1.9999999999999964
4_103202,2015,9.999999999999993
4_103300,2015,0.0
4_103900,2015,2.999999999999997
4_10400,2015,0.9999999999999989
4_104700,2015,1.9999999999999967
4_10500,2015,1.0
4_105900,2015,2.999999999999998
4_10600,2015,3.9999999999999987
4_10701,2015,0.9999999999999988
4_107201,2015,0.0
4_107202,2015,0.0
4_10800,2015,0.999999999999999
4_108500,2015,0.0
4_109300,2015,0.9999999999999989
4_109700,2015,1.9999999999999978
4_109900,2015,1.9999999999999991
4_11000,2015,1.9999999999999978
4_11100,2015,1.9999999999999978
4_111300,2015,0.0
4_11200,2015,2.9999999999999964
4_112300,2015,4.999999999999993
4_112900,2015,0.9999999999999976
4_11300,2015,1.0
4_113300,2015,0.9999999999999996
4_113900,2015,4.999999999999998
4_11400,2015,0.0
4_114100,2015,0.0
4_114700,2015,0.0
4_11500,2015,4.999999999999998
4_115100,2015,0.0
4_115500,2015,0.0
4_115700,2015,9.999999999999996
4_115900,2015,1.9999999999999984
4_11600,2015,0.999999999999999
4_116100,2015,5.999999999999997
4_116300,2015,8.0
4_116700,2015,1.0
4_11700,2015,3.0
4_117100,2015,7.0
4_117500,2015,2.999999999999997
4_11800,2015,3.999999999999995
4_118100,2015,0.9999999999999966
4_118500,2015,3.0
4_118700,2015,1.0
4_118900,2015,0.0
4_11900,2015,3.9999999999999964
4_119100,2015,1.999999999999998
4_119300,2015,0.9999999999999989
4_119500,2015,0.0
4_119900,2015,0.9999999999999989
4_1200,2015,4.0
4_12000,2015,0.9999999999999984
4_120100,2015,0.9999999999999984
4_120300,2015,0.999999999999999
4_120500,2015,1.9999999999999967
4_120700,2015,0.999999999999999
4_12100,2015,2.999999999999998
4_121100,2015,1.9999999999999967
4_121500,2015,0.9999999999999948
4_12200,2015,2.0
4_122300,2015,0.0
4_122701,2015,8.999999999999993
4_122702,2015,1.9999999999999982
4_12301,2015,3.0
4_12400,2015,1.999999999999998
4_124100,2015,4.999999999999995
4_124700,2015,4.0
4_12500,2015,1.9999999999999978
4_125700,2015,4.9999999999999964
4_12601,2015,0.0
4_12602,2015,0.0
4_126500,2015,4.999999999999997
4_126700,2015,1.9999999999999991
4_127700,2015,2.999999999999991
4_12800,2015,0.9999999999999988
4_128300,2015,0.0
4_129102,2015,1.9999999999999978
4_129103,2015,0.9999999999999984
4_129104,2015,2.9999999999999996
4_13000,2015,3.9999999999999982
4_130100,2015,0.9999999999999984
4_13200,2015,6.0
4_133300,2015,3.0
4_133900,2015,0.0
4_13400,2015,3.0
4_134100,2015,0.0
4_134700,2015,1.999999999999998
4_13500,2015,0.9999999999999989
4_13600,2015,0.999999999999999
4_136700,2015,4.999999999999998
4_13700,2015,0.0
4_137700,2015,0.9999999999999976
4_13800,2015,0.0
4_138501,2015,4.999999999999998
4_138502,2015,2.9999999999999925
4_139900,2015,0.0
4_1400,2015,0.999999999999994
4_14000,2015,0.9999999999999996
4_140300,2015,1.9999999999999993
4_140901,2015,0.9999999999999984
4_140902,2015,0.0
4_14100,2015,2.0
4_141700,2015,2.999999999999999
4_14201,2015,6.0
4_14202,2015,5.999999999999989
4_142900,2015,3.9999999999999987
4_14300,2015,0.0
4_143500,2015,0.0
4_14400,2015,0.0
4_144100,2015,1.999999999999998
4_144700,2015,1.9999999999999942
4_14500,2015,0.0
4_145101,2015,1.0
4_145102,2015,1.9999999999999984
4_145900,2015,0.9999999999999956
4_146300,2015,1.999999999999997
4_146700,2015,6.999999999999999
4_14700,2015,6.999999999999999
4_147100,2015,8.999999999999988
4_147900,2015,1.9999999999999978
4_14800,2015,1.9999999999999993
4_148300,2015,0.9999999999999996
4_14900,2015,0.0
4_15000,2015,3.9999999999999982
4_150701,2015,2.99999999999999
4_150702,2015,0.9999999999999936
4_15100,2015,1.0
4_15200,2015,2.9999999999999996
4_152901,2015,0.9999999999999983
4_152902,2015,2.9999999999999964
4_15300,2015,1.0
4_15400,2015,8.0
4_15500,2015,9.0
4_155102,2015,0.9999999999999867
4_15600,2015,1.9999999999999978
4_156700,2015,1.999999999999998
4_15700,2015,1.9999999999999973
4_157101,2015,2.9999999999999973
4_157102,2015,0.0
4_157901,2015,4.0
4_157902,2015,4.999999999999992
4_157903,2015,0.9999999999999983
4_15801,2015,0.999999999999999
4_15802,2015,3.999999999999999
4_15900,2015,1.0
4_1600,2015,0.9999999999999996
4_16100,2015,0.9999999999999984
4_161700,2015,0.0
4_162100,2015,0.0
4_16300,2015,4.999999999999998
4_16400,2015,1.9999999999999993
4_16600,2015,4.0
4_16800,2015,0.0
4_16900,2015,0.9999999999999982
4_17000,2015,0.0
4_17100,2015,4.999999999999984
4_17200,2015,0.9999999999999999
4_17400,2015,0.9999999999999969
4_17600,2015,1.0
4_17800,2015,1.0
4_17900,2015,13.999999999999963
4_1800,2015,1.9999999999999962
4_18000,2015,0.9999999999999989
4_18101,2015,0.9999999999999996
4_18102,2015,1.0
4_18200,2015,0.0
4_18300,2015,5.99999999999999
4_18401,2015,0.999999999999999
4_18402,2015,1.9999999999999976
4_18501,2015,0.0
4_18502,2015,2.999999999999998
4_18600,2015,1.0
4_18700,2015,0.9999999999999996
4_18800,2015,0.9999999999999984
4_18900,2015,2.0
4_1900,2015,8.999999999999993
4_19000,2015,5.999999999999996
4_19200,2015,0.0
4_19400,2015,0.9999999999999997
4_19600,2015,0.0
4_19800,2015,2.999999999999995
4_19900,2015,7.999999999999989
4_200,2015,2.9999999999999987
4_2000,2015,0.0
4_20200,2015,0.0
4_20400,2015,12.999999999999998
4_20500,2015,0.0
4_20600,2015,6.999999999999997
4_20800,2015,8.999999999999993
4_21200,2015,13.999999999999998
4_21400,2015,11.999999999999995
4_21600,2015,3.999999999999995
4_21900,2015,4.999999999999987
4_2200,2015,1.0
4_22001,2015,0.0
4_22002,2015,1.999999999999999
4_22900,2015,0.0
4_23000,2015,0.0
4_23200,2015,3.0
4_23500,2015,2.9999999999999987
4_23600,2015,9.999999999999996
4_23800,2015,4.999999999999995
4_2400,2015,2.0
4_24000,2015,10.999999999999996
4_24300,2015,3.9999999999999902
4_24500,2015,1.0
4_24600,2015,14.999999999999993
4_24700,2015,3.9999999999999933
4_24900,2015,2.0
4_2500,2015,3.0
4_25100,2015,3.9999999999999987
4_25301,2015,5.999999999999994
4_25302,2015,4.0
4_25400,2015,6.999999999999993
4_25500,2015,3.9999999999999982
4_25700,2015,0.9999999999999988
4_25800,2015,5.999999999999998
4_25900,2015,0.9999999999999989
4_2600,2015,1.0
4_26000,2015,0.9999999999999996
4_26100,2015,4.999999999999998
4_26200,2015,2.0
4_26300,2015,1.9999999999999933
4_26400,2015,0.9999999999999953
4_26500,2015,1.999999999999997
4_26600,2015,2.0
4_26700,2015,9.999999999999991
4_26901,2015,9.999999999999995
4_26902,2015,6.0
4_27000,2015,3.9999999999999982
4_27100,2015,6.0
4_27200,2015,0.0
4_27300,2015,6.999999999999998
4_27400,2015,0.9999999999999988
4_27500,2015,5.999999999999999
4_27600,2015,0.9999999999999999
4_27700,2015,4.999999999999998
4_27800,2015,0.0
4_27900,2015,3.999999999999996
4_2800,2015,0.9999999999999969
4_28000,2015,0.0
4_28100,2015,4.999999999999999
4_28200,2015,0.9999999999999996
4_28300,2015,6.999999999999993
4_28400,2015,2.9999999999999973
4_28500,2015,3.9999999999999982
4_28700,2015,11.0
4_28800,2015,3.9999999999999956
4_28900,2015,7.0
4_29100,2015,9.999999999999998
4_29300,2015,0.0
4_29400,2015,6.999999999999979
4_29500,2015,7.9999999999999964
4_29700,2015,3.9999999999999956
4_29900,2015,0.0
4_30600,2015,8.999999999999996
4_30902,2015,4.999999999999998
4_30903,2015,3.9999999999999982
4_30904,2015,3.999999999999986
4_3100,2015,2.9999999999999964
4_31700,2015,4.999999999999998
4_3200,2015,2.9999999999999925
4_32000,2015,7.999999999999998
4_32700,2015,2.0
4_32800,2015,2.0
4_32900,2015,1.9999999999999938
4_3300,2015,10.999999999999979
4_33000,2015,5.999999999999999
4_33100,2015,0.0
4_33401,2015,2.9999999999999925
4_33402,2015,6.999999999999994
4_33700,2015,0.0
4_33900,2015,0.9999999999999996
4_3400,2015,1.9999999999999967
4_34700,2015,0.9999999999999943
4_35100,2015,0.0
4_35200,2015,2.9999999999999947
4_35300,2015,1.9999999999999953
4_35700,2015,3.0
4_35800,2015,5.0
4_3600,2015,0.0
4_36100,2015,2.999999999999997
4_36300,2015,3.999999999999997
4_36500,2015,0.0
4_36600,2015,6.0
4_36700,2015,0.9999999999999996
4_36800,2015,0.0
4_3700,2015,0.0
4_37100,2015,0.0
4_37300,2015,3.999999999999996
4_37500,2015,8.0
4_37600,2015,1.9999999999999978
4_37700,2015,1.0
4_37900,2015,7.0
4_3800,2015,1.9999999999999964
4_38100,2015,2.9999999999999947
4_38301,2015,1.9999999999999984
4_38302,2015,1.9999999999999998
4_38400,2015,2.999999999999997
4_3900,2015,1.9999999999999998
4_39400,2015,0.9999999999999937
4_39800,2015,0.9999999999999997
4_39900,2015,2.0
4_400,2015,0.9999999999999956
4_40000,2015,0.0
4_4001,2015,0.9999999999999937
4_4002,2015,0.9999999999999936
4_40100,2015,3.9999999999999982
4_40200,2015,1.9999999999999978
4_40300,2015,3.0
4_40400,2015,0.0
4_40500,2015,0.0
4_40700,2015,8.999999999999996
4_40900,2015,5.999999999999998
4_41100,2015,2.0
4_41300,2015,0.999999999999999
4_41400,2015,0.9999999999999989
4_41500,2015,0.0
4_4200,2015,1.9999999999999984
4_42400,2015,0.9999999999999989
4_42600,2015,3.0
4_42700,2015,1.9999999999999993
4_4300,2015,0.9999999999999989
4_43200,2015,6.0
4_43400,2015,0.9999999999999997
4_43701,2015,0.0
4_43702,2015,3.9999999999999982
4_43900,2015,4.999999999999997
4_44000,2015,4.999999999999999
4_4401,2015,2.999999999999997
4_44301,2015,1.9999999999999991
4_44302,2015,4.999999999999997
4_44400,2015,13.999999999999982
4_44601,2015,16.99999999999999
4_44602,2015,7.0
4_44800,2015,0.0
4_4500,2015,9.0
4_45000,2015,0.9999999999999997
4_45200,2015,0.9999999999999989
4_45400,2015,2.999999999999991
4_45500,2015,3.0
4_45600,2015,0.9999999999999988
4_45700,2015,1.0
4_45800,2015,4.999999999999996
4_45900,2015,0.0
4_46000,2015,11.999999999999991
4_46100,2015,0.9999999999999976
4_46200,2015,3.999999999999998
4_46300,2015,2.9999999999999987
4_46400,2015,0.0
4_46500,2015,1.0
4_46600,2015,1.9999999999999978
4_46700,2015,2.999999999999997
4_46800,2015,5.999999999999992
4_46900,2015,9.999999999999996
4_4700,2015,6.999999999999996
4_47000,2015,0.9999999999999953
4_47100,2015,4.999999999999998
4_47200,2015,3.0
4_47300,2015,7.999999999999991
4_47500,2015,7.0
4_47600,2015,0.0
4_47800,2015,9.999999999999998
4_47900,2015,6.999999999999993
4_48000,2015,0.0
4_48100,2015,1.9999999999999978
4_48200,2015,1.9999999999999993
4_48300,2015,3.0
4_48400,2015,3.9999999999999982
4_48500,2015,1.9999999999999976
4_48900,2015,1.999999999999998
4_49200,2015,2.9999999999999973
4_49301,2015,0.0
4_49302,2015,1.9999999999999942
4_49500,2015,1.0
4_49600,2015,0.0
4_49700,2015,0.9999999999999999
4_49900,2015,8.0
4_5000,2015,1.0
4_50000,2015,8.999999999999995
4_50201,2015,0.9999999999999989
4_50202,2015,0.0
4_50400,2015,1.9999999999999993
4_50500,2015,0.0
4_50600,2015,0.0
4_50700,2015,1.9999999999999993
4_50800,2015,1.0
4_5100,2015,2.999999999999995
4_51000,2015,0.0
4_51100,2015,1.9999999999999967
4_51200,2015,4.999999999999998
4_51300,2015,0.9999999999999997
4_51500,2015,0.9999999999999997
4_51600,2015,0.0
4_51700,2015,2.0
4_51800,2015,0.9999999999999984
4_5200,2015,0.0
4_52000,2015,0.9999999999999996
4_52100,2015,1.9999999999999978
4_52200,2015,1.9999999999999998
4_52400,2015,2.9999999999999987
4_52500,2015,0.0
4_52600,2015,2.999999999999997
4_52800,2015,3.999999999999995
4_5300,2015,6.9999999999999964
4_53000,2015,3.0
4_53100,2015,0.0
4_53200,2015,3.9999999999999982
4_53401,2015,0.0
4_53500,2015,1.9999999999999951
4_53601,2015,1.0
4_53800,2015,0.0
4_53900,2015,1.999999999999998
4_5400,2015,6.999999999999991
4_54000,2015,7.0
4_54200,2015,0.0
4_54500,2015,0.0
4_54700,2015,0.9999999999999989
4_54800,2015,2.999999999999998
4_54900,2015,3.9999999999999982
4_5500,2015,2.999999999999997
4_55100,2015,4.999999999999998
4_55200,2015,5.999999999999998
4_55300,2015,0.9999999999999961
4_55400,2015,0.0
4_55500,2015,2.999999999999999
4_55600,2015,0.9999999999999989
4_55700,2015,4.999999999999999
4_55800,2015,0.0
4_55900,2015,0.9999999999999997
4_56000,2015,0.9999999999999982
4_56100,2015,0.0
4_56200,2015,0.0
4_56400,2015,1.0
4_56500,2015,2.9999999999999996
4_56600,2015,0.9999999999999996
4_56700,2015,0.9999999999999972
4_56800,2015,10.999999999999988
4_5700,2015,7.999999999999997
4_57700,2015,2.9999999999999987
4_57900,2015,0.0
4_5800,2015,4.999999999999997
4_58000,2015,0.9999999999999956
4_58100,2015,1.999999999999998
4_58200,2015,3.9999999999999982
4_58300,2015,8.0
4_58500,2015,2.0
4_58700,2015,0.0
4_58900,2015,0.9999999999999996
4_5900,2015,3.9999999999999947
4_59000,2015,0.0
4_59100,2015,6.9999999999999964
4_59200,2015,0.9999999999999988
4_59300,2015,0.9999999999999984
4_59400,2015,0.9999999999999996
4_59500,2015,9.999999999999993
4_59600,2015,0.999999999999999
4_59800,2015,1.9999999999999993
4_59900,2015,1.0
4_600,2015,1.0
4_60000,2015,0.0
4_60100,2015,3.0
4_60300,2015,4.0
4_60600,2015,0.9999999999999996
4_60701,2015,0.0
4_60800,2015,2.0
4_6100,2015,8.999999999999993
4_61000,2015,0.9999999999999983
4_61200,2015,0.0
4_61301,2015,3.9999999999999893
4_61302,2015,0.9999999999999976
4_61400,2015,2.0
4_61601,2015,0.0
4_61602,2015,0.999999999999994
4_61800,2015,2.999999999999997
4_61900,2015,0.0
4_62000,2015,0.0
4_6201,2015,2.999999999999999
4_6202,2015,2.9999999999999916
4_62100,2015,1.9999999999999991
4_62200,2015,7.999999999999994
4_62300,2015,0.0
4_62400,2015,0.0
4_62500,2015,1.999999999999998
4_62600,2015,0.9999999999999988
4_62700,2015,0.0
4_62900,2015,1.9999999999999967
4_6300,2015,1.9999999999999991
4_63000,2015,0.9999999999999988
4_63200,2015,1.999999999999998
4_63301,2015,0.0
4_63302,2015,0.0
4_63500,2015,0.9999999999999999
4_63700,2015,2.9999999999999987
4_63800,2015,3.9999999999999964
4_63900,2015,3.999999999999996
4_64102,2015,1.9999999999999967
4_64500,2015,1.999999999999997
4_64600,2015,1.9999999999999984
4_65000,2015,0.0
4_6501,2015,0.9999999999999989
4_6502,2015,2.999999999999995
4_65400,2015,7.999999999999995
4_65501,2015,1.9999999999999978
4_65600,2015,5.999999999999995
4_65702,2015,0.0
4_65703,2015,0.9999999999999984
4_65900,2015,0.9999999999999984
4_66000,2015,1.9999999999999991
4_66100,2015,0.0
4_66300,2015,2.0
4_66400,2015,1.9999999999999851
4_66501,2015,4.0
4_66701,2015,0.0
4_66900,2015,0.0
4_67100,2015,0.0
4_67700,2015,0.0
4_67900,2015,3.9999999999999964
4_68000,2015,4.999999999999989
4_68200,2015,1.9999999999999991
4_68300,2015,14.999999999999986
4_68700,2015,9.0
4_6900,2015,0.0
4_69000,2015,1.0
4_69300,2015,3.9999999999999973
4_69400,2015,3.9999999999999964
4_69500,2015,0.999999999999999
4_69701,2015,0.0
4_69702,2015,3.0
4_700,2015,12.999999999999982
4_70300,2015,1.999999999999998
4_70700,2015,0.0
4_70900,2015,1.999999999999998
4_7100,2015,9.999999999999995
4_71100,2015,8.999999999999998
4_71303,2015,2.9999999999999987
4_71304,2015,7.0
4_71305,2015,1.9999999999999998
4_71306,2015,4.999999999999998
4_71600,2015,1.0
4_71701,2015,3.9999999999999956
4_71702,2015,0.0
4_71900,2015,1.9999999999999978
4_72100,2015,2.0
4_72300,2015,2.0
4_72900,2015,0.9999999999999989
4_7300,2015,0.9999999999999984
4_73100,2015,0.9999999999999997
4_73700,2015,6.99999999999999
4_73900,2015,5.999999999999998
4_74100,2015,2.9999999999999964
4_74300,2015,6.999999999999999
4_74500,2015,4.999999999999998
4_74700,2015,0.999999999999999
4_74900,2015,0.0
4_7500,2015,2.9999999999999987
4_75701,2015,3.999999999999996
4_75702,2015,5.999999999999994
4_76901,2015,0.9999999999999984
4_76902,2015,0.0
4_7700,2015,1.9999999999999978
4_77500,2015,6.999999999999998
4_77902,2015,1.9999999999999973
4_77903,2015,0.0
4_77904,2015,4.999999999999999
4_77905,2015,0.0
4_77906,2015,4.0
4_77907,2015,1.999999999999998
4_77908,2015,4.0
4_78800,2015,1.0
4_7900,2015,2.9999999999999987
4_79000,2015,0.9999999999999984
4_79200,2015,0.9999999999999997
4_79701,2015,7.0
4_79702,2015,8.999999999999993
4_79900,2015,9.999999999999996
4_800,2015,2.9999999999999996
4_80301,2015,0.999999999999999
4_80302,2015,0.9999999999999988
4_80900,2015,4.999999999999989
4_8100,2015,0.0
4_81400,2015,1.9999999999999871
4_81800,2015,3.9999999999999987
4_8300,2015,0.0
4_83700,2015,2.999999999999995
4_83800,2015,0.0
4_84000,2015,1.9999999999999973
4_84500,2015,5.999999999999997
4_84601,2015,3.999999999999996
4_84602,2015,2.9999999999999796
4_84900,2015,8.999999999999988
4_8500,2015,1.0
4_85300,2015,9.999999999999986
4_85500,2015,5.999999999999998
4_85700,2015,7.999999999999997
4_85900,2015,3.0
4_8600,2015,2.9999999999999987
4_86100,2015,3.0
4_86300,2015,4.999999999999998
4_86400,2015,6.0
4_86500,2015,3.0
4_86900,2015,17.999999999999968
4_8700,2015,0.0
4_87100,2015,28.999999999999996
4_8800,2015,3.9999999999999964
4_88400,2015,1.9999999999999987
4_88901,2015,7.0
4_89200,2015,2.9999999999999956
4_90700,2015,1.9999999999999953
4_9100,2015,0.0
4_91601,2015,1.0
4_91900,2015,1.9999999999999976
4_92200,2015,0.0
4_92500,2015,3.9999999999999925
4_92900,2015,2.999999999999999
4_93401,2015,1.999999999999998
4_93402,2015,1.9999999999999991
4_93800,2015,1.999999999999998
4_93900,2015,0.9999999999999997
4_9400,2015,3.0
4_94201,2015,1.9999999999999962
4_94202,2015,0.0
4_94203,2015,0.9999999999999988
4_94500,2015,0.9999999999999976
4_94700,2015,4.999999999999995
4_9500,2015,0.0
4_95400,2015,9.0
4_9600,2015,2.9999999999999987
4_96400,2015,2.999999999999999
4_9700,2015,1.0
4_97202,2015,0.9999999999999969
4_97203,2015,2.0
4_97204,2015,2.0
4_97300,2015,0.0
4_9800,2015,4.999999999999997
4_98100,2015,1.9999999999999967
4_98700,2015,0.9999999999999997
4_9900,2015,0.0
4_99100,2015,1.9999999999999978
4_99200,2015,2.999999999999996
4_99701,2015,0.0
4_99703,2015,0.0
4_99704,2015,5.999999999999997
4_99705,2015,0.9999999999999999
4_99801,2015,7.0
4_99802,2015,7.999999999999998
5_10500,2015,6.999999999999999
5_1100,2015,4.999999999999997
5_11201,2015,4.999999999999995
5_11202,2015,7.999999999999987
5_11401,2015,3.999999999999996
5_11402,2015,1.9999999999999964
5_12100,2015,1.9999999999999991
5_12200,2015,4.999999999999998
5_12500,2015,3.9999999999999956
5_12804,2015,4.999999999999993
5_12805,2015,4.999999999999997
5_12806,2015,7.0
5_13201,2015,0.0
5_13203,2015,2.9999999999999973
5_13204,2015,0.9999999999999983
5_13302,2015,8.999999999999996
5_13400,2015,1.9999999999999938
5_13800,2015,0.9999999999999928
5_14100,2015,0.9999999999999989
5_14604,2015,0.999999999999999
5_14605,2015,2.999999999999997
5_14606,2015,0.0
5_14607,2015,1.9999999999999998
5_14608,2015,1.0
5_14700,2015,0.9999999999999933
5_15100,2015,2.99999999999999
5_15400,2015,0.0
5_15601,2015,3.9999999999999996
5_15602,2015,2.999999999999995
5_15603,2015,8.999999999999996
5_16901,2015,12.999999999999993
5_1700,2015,7.9999999999999964
5_17005,2015,1.9999999999999944
5_17007,2015,0.9999999999999972
5_17008,2015,0.0
5_17009,2015,0.9999999999999983
5_17010,2015,0.0
5_17011,2015,1.9999999999999998
5_17012,2015,0.9999999999999938
5_17300,2015,0.0
5_17600,2015,1.9999999999999967
5_17700,2015,1.999999999999998
5_1800,2015,0.0
5_18100,2015,0.9999999999999926
5_18701,2015,0.9999999999999989
5_18702,2015,0.0
5_19800,2015,1.9999999999999902
5_2001,2015,0.9999999999999983
5_2002,2015,2.9999999999999987
5_20801,2015,3.9999999999999987
5_20803,2015,1.9999999999999978
5_20804,2015,0.9999999999999953
5_2100,2015,5.999999999999994
5_22600,2015,3.999999999999979
5_22800,2015,0.0
5_24401,2015,0.0
5_24402,2015,0.0
5_24800,2015,1.999999999999998
5_2700,2015,0.9999999999999996
5_27900,2015,2.999999999999991
5_2900,2015,6.9999999999999964
5_300,2015,6.999999999999994
5_3300,2015,1.9999999999999942
5_3600,2015,1.0
5_3900,2015,0.9999999999999989
5_4000,2015,7.999999999999985
5_4700,2015,3.0
5_5000,2015,1.9999999999999993
5_5900,2015,0.0
5_600,2015,1.9999999999999998
5_6400,2015,0.0
5_6700,2015,0.9999999999999989
5_700,2015,2.999999999999997
5_7000,2015,4.0
5_7400,2015,2.999999999999998
5_7500,2015,1.9999999999999944
5_7700,2015,3.0
5_800,2015,0.0
5_8100,2015,0.999999999999999
5_900,2015,1.9999999999999993
5_9601,2015,2.999999999999995
5_9602,2015,1.0
5_9700,2015,2.999999999999997
1_10000,2016,9.999999999999986
1_1001,2016,0.0
1_1002,2016,2.999999999999998
1_10100,2016,14.999999999999996
1_10200,2016,4.999999999999984
1_10300,2016,6.999999999999989
1_10400,2016,3.99999999999999
1_10601,2016,2.9999999999999982
1_10602,2016,2.9999999999999925
1_10800,2016,7.0
1_10900,2016,18.999999999999986
1_11000,2016,11.999999999999991
1_11100,2016,9.999999999999982
1_11201,2016,0.9999999999999996
1_11202,2016,5.99999999999999
1_11203,2016,15.0
1_11300,2016,19.999999999999993
1_11401,2016,2.0
1_11402,2016,7.999999999999997
1_11500,2016,30.999999999999954
1_11600,2016,9.999999999999991
1_11700,2016,1.9999999999999778
1_11800,2016,1.9999999999999907
1_11900,2016,12.999999999999988
1_1200,2016,2.9999999999999987
1_12000,2016,7.0
1_12100,2016,14.999999999999995
1_12200,2016,1.999999999999997
1_12400,2016,9.999999999999993
1_12500,2016,12.999999999999991
1_12600,2016,2.9999999999999916
1_12700,2016,9.999999999999986
1_12800,2016,4.999999999999998
1_12900,2016,11.999999999999998
1_1300,2016,7.999999999999995
1_13000,2016,3.9999999999999947
1_13100,2016,7.999999999999988
1_13200,2016,4.9999999999999964
1_13300,2016,7.999999999999996
1_13400,2016,4.99999999999999
1_13500,2016,7.999999999999991
1_13600,2016,3.9999999999999973
1_13700,2016,15.999999999999984
1_13800,2016,6.0
1_13900,2016,3.9999999999999996
1_14000,2016,10.0
1_1401,2016,2.9999999999999987
1_1402,2016,5.0
1_14200,2016,3.999999999999996
1_14300,2016,23.0
1_14401,2016,5.0
1_14402,2016,3.9999999999999987
1_14500,2016,3.9999999999999996
1_14601,2016,0.0
1_14602,2016,0.0
1_14700,2016,1.0
1_14801,2016,3.9999999999999942
1_14802,2016,5.999999999999997
1_14900,2016,6.9999999999999964
1_15001,2016,0.0
1_15002,2016,1.0
1_1501,2016,11.0
1_1502,2016,2.99999999999999
1_15100,2016,3.9999999999999996
1_15200,2016,1.999999999999998
1_15300,2016,8.999999999999993
1_15400,2016,2.999999999999997
1_15500,2016,4.0
1_15601,2016,2.9999999999999947
1_15602,2016,2.999999999999997
1_15700,2016,2.999999999999998
1_15801,2016,3.9999999999999982
1_15802,2016,5.0
1_15900,2016,5.999999999999999
1_1600,2016,17.999999999999982
1_16001,2016,2.9999999999999996
1_16002,2016,0.9999999999999988
1_16100,2016,3.999999999999998
1_16200,2016,0.9999999999999953
1_16300,2016,2.999999999999997
1_16400,2016,5.999999999999998
1_16500,2016,2.0
1_16600,2016,5.0
1_16700,2016,5.999999999999997
1_16800,2016,6.999999999999997
1_16900,2016,2.999999999999998
1_17000,2016,2.999999999999995
1_17100,2016,4.999999999999998
1_17200,2016,1.999999999999997
1_17300,2016,0.0
1_17401,2016,2.9999999999999987
1_17402,2016,1.9999999999999993
1_17500,2016,5.0
1_17700,2016,0.9999999999999984
1_17800,2016,2.999999999999999
1_17900,2016,1.9999999999999967
1_1800,2016,11.999999999999995
1_18000,2016,11.999999999999996
1_18100,2016,8.999999999999995
1_18200,2016,12.999999999999991
1_18300,2016,13.999999999999993
1_18400,2016,7.9999999999999964
1_18500,2016,4.0
1_18600,2016,0.9999999999999997
1_18700,2016,2.9999999999999956
1_18800,2016,3.999999999999998
1_18900,2016,3.9999999999999956
1_19000,2016,3.999999999999999
1_19100,2016,4.999999999999998
1_19200,2016,1.0
1_19300,2016,7.999999999999998
1_19400,2016,9.999999999999996
1_19500,2016,2.9999999999999973
1_19600,2016,19.999999999999996
1_19701,2016,2.9999999999999964
1_19702,2016,0.0
1_19800,2016,9.0
1_19900,2016,2.0
1_2000,2016,0.0
1_20000,2016,10.999999999999993
1_201,2016,2.0
1_20101,2016,0.0
1_20102,2016,0.999999999999999
1_202,2016,1.9999999999999993
1_20300,2016,0.0
1_20500,2016,0.9999999999999997
1_20600,2016,6.999999999999993
1_20800,2016,3.9999999999999942
1_20901,2016,12.0
1_2100,2016,13.999999999999982
1_21000,2016,0.0
1_21100,2016,2.999999999999997
1_21200,2016,7.999999999999994
1_21303,2016,1.9999999999999978
1_21400,2016,5.999999999999999
1_21500,2016,1.9999999999999998
1_21600,2016,2.999999999999999
1_21703,2016,2.0
1_21800,2016,13.999999999999998
1_21900,2016,7.0
1_22000,2016,0.9999999999999996
1_2201,2016,6.999999999999997
1_2202,2016,5.999999999999997
1_22102,2016,4.9999999999999964
1_22200,2016,11.0
1_22301,2016,1.9999999999999993
1_22302,2016,0.9999999999999984
1_22400,2016,8.999999999999991
1_22500,2016,1.9999999999999978
1_22600,2016,3.9999999999999996
1_22700,2016,1.9999999999999993
1_22800,2016,6.9999999999999964
1_22900,2016,9.0
1_23000,2016,3.9999999999999964
1_23100,2016,5.9999999999999964
1_23200,2016,11.999999999999988
1_23300,2016,0.9999999999999983
1_23400,2016,4.0
1_23501,2016,1.9999999999999967
1_23502,2016,3.0
1_23600,2016,9.999999999999995
1_23700,2016,8.999999999999995
1_23900,2016,3.999999999999999
1_2400,2016,0.9999999999999997
1_24000,2016,0.9999999999999999
1_24100,2016,4.0
1_24200,2016,0.9999999999999886
1_24301,2016,1.9999999999999998
1_24500,2016,16.0
1_24700,2016,2.9999999999999973
1_24900,2016,1.0
1_2500,2016,0.9999999999999984
1_25100,2016,7.0
1_25300,2016,2.999999999999999
1_25500,2016,0.9999999999999953
1_25700,2016,1.9999999999999978
1_25900,2016,7.999999999999996
1_2601,2016,3.0
1_2602,2016,3.9999999999999956
1_26100,2016,7.0
1_26300,2016,5.99999999999999
1_26500,2016,3.9999999999999982
1_26700,2016,0.0
1_26900,2016,6.999999999999999
1_2700,2016,1.9999999999999964
1_27100,2016,8.999999999999995
1_27300,2016,2.999999999999999
1_27500,2016,0.0
1_27700,2016,2.999999999999998
1_27900,2016,1.9999999999999993
1_2800,2016,1.9999999999999982
1_28100,2016,0.0
1_28300,2016,4.999999999999996
1_28500,2016,3.0
1_28700,2016,2.9999999999999956
1_2900,2016,6.999999999999978
1_29100,2016,11.999999999999993
1_29300,2016,9.999999999999998
1_29500,2016,4.999999999999998
1_29700,2016,0.0
1_29900,2016,3.9999999999999907
1_3001,2016,9.999999999999996
1_3002,2016,4.999999999999998
1_30300,2016,1.9999999999999978
1_30700,2016,0.9999999999999999
1_3100,2016,20.99999999999998
1_31100,2016,0.0
1_31703,2016,3.999999999999996
1_31704,2016,1.999999999999998
1_3200,2016,7.999999999999991
1_3300,2016,17.999999999999996
1_3400,2016,8.999999999999996
1_3601,2016,4.999999999999992
1_3602,2016,1.999999999999999
1_3700,2016,9.999999999999996
1_3800,2016,8.999999999999998
1_3900,2016,7.999999999999991
1_4000,2016,14.999999999999986
1_4100,2016,19.0
1_4200,2016,3.999999999999999
1_4300,2016,2.9999999999999813
1_4400,2016,3.0
1_4500,2016,2.9999999999999964
1_4700,2016,4.999999999999991
1_4800,2016,6.999999999999994
1_4900,2016,9.999999999999996
1_5000,2016,11.999999999999998
1_5200,2016,5.999999999999988
1_5400,2016,9.999999999999998
1_5501,2016,1.9999999999999951
1_5502,2016,6.999999999999991
1_5600,2016,9.999999999999995
1_5700,2016,3.9999999999999956
1_5800,2016,13.999999999999993
1_5900,2016,4.999999999999998
1_600,2016,9.999999999999996
1_6000,2016,0.0
1_6100,2016,9.999999999999996
1_6200,2016,7.999999999999992
1_6300,2016,11.999999999999998
1_6400,2016,10.999999999999986
1_6500,2016,4.999999999999996
1_6600,2016,8.999999999999991
1_6700,2016,4.999999999999997
1_6800,2016,13.999999999999995
1_6900,2016,2.999999999999992
1_700,2016,7.9999999999999964
1_7000,2016,6.999999999999992
1_7100,2016,5.999999999999991
1_7200,2016,12.999999999999982
1_7300,2016,1.999999999999998
1_7400,2016,11.999999999999996
1_7500,2016,3.9999999999999964
1_7600,2016,22.99999999999999
1_7700,2016,4.999999999999997
1_7800,2016,16.999999999999975
1_7900,2016,4.999999999999999
1_800,2016,9.99999999999999
1_8000,2016,9.999999999999991
1_8100,2016,5.999999999999999
1_8200,2016,14.999999999999982
1_8300,2016,7.999999999999984
1_8400,2016,11.0
1_8601,2016,0.0
1_8603,2016,9.0
1_8700,2016,7.999999999999997
1_8800,2016,16.999999999999993
1_8900,2016,2.9999999999999996
1_900,2016,4.999999999999989
1_9000,2016,10.0
1_9100,2016,9.999999999999991
1_9200,2016,6.0
1_9300,2016,6.9999999999999885
1_9400,2016,9.99999999999999
1_9500,2016,12.0
1_9600,2016,9.999999999999998
1_9700,2016,4.999999999999999
1_9800,2016,13.999999999999993
1_9900,2016,13.999999999999968
2_11000,2016,0.9999999999999997
2_11502,2016,1.9999999999999896
2_11700,2016,3.9999999999999902
2_11800,2016,0.0
2_11900,2016,7.999999999999997
2_12101,2016,1.9999999999999996
2_12102,2016,0.9999999999999989
2_12300,2016,0.9999999999999921
2_12500,2016,4.0
2_12701,2016,5.999999999999999
2_12901,2016,1.9999999999999978
2_13000,2016,0.0
2_13100,2016,0.9999999999999956
2_13200,2016,0.0
2_13300,2016,3.999999999999999
2_13500,2016,2.0
2_13800,2016,0.0
2_14100,2016,11.0
2_14300,2016,1.9999999999999978
2_14400,2016,0.9999999999999996
2_14500,2016,7.999999999999991
2_14701,2016,2.9999999999999987
2_14702,2016,0.9999999999999983
2_14900,2016,1.999999999999997
2_15100,2016,7.999999999999996
2_15200,2016,1.999999999999999
2_15300,2016,3.9999999999999956
2_15500,2016,3.9999999999999956
2_15700,2016,0.9999999999999984
2_15800,2016,1.9999999999999991
2_15900,2016,9.999999999999995
2_1600,2016,2.999999999999997
2_16000,2016,3.0
2_16100,2016,7.999999999999996
2_16200,2016,0.0
2_16300,2016,0.9999999999999997
2_16400,2016,1.9999999999999982
2_16500,2016,0.9999999999999983
2_16600,2016,0.999999999999999
2_16700,2016,2.999999999999996
2_16900,2016,5.0
2_17100,2016,0.0
2_17300,2016,7.9999999999999964
2_17500,2016,4.0
2_17701,2016,2.999999999999998
2_17702,2016,0.9999999999999989
2_17901,2016,5.999999999999999
2_17902,2016,0.0
2_18101,2016,3.9999999999999996
2_18102,2016,3.999999999999998
2_18302,2016,1.9999999999999978
2_18400,2016,2.999999999999997
2_18500,2016,13.0
2_18900,2016,2.9999999999999973
2_1900,2016,5.999999999999966
2_19300,2016,0.999999999999999
2_19400,2016,2.9999999999999987
2_19500,2016,2.999999999999997
2_19700,2016,8.999999999999993
2_19900,2016,1.9999999999999993
2_200,2016,1.9999999999999984
2_2000,2016,1.9999999999999991
2_20000,2016,7.999999999999992
2_20100,2016,0.9999999999999989
2_20200,2016,0.0
2_20400,2016,2.999999999999998
2_20501,2016,5.0
2_20601,2016,1.9999999999999998
2_20900,2016,5.999999999999998
2_21001,2016,0.0
2_21002,2016,1.9999999999999991
2_21100,2016,0.9999999999999969
2_21200,2016,1.0
2_21301,2016,0.0
2_21302,2016,0.9999999999999997
2_21501,2016,2.9999999999999996
2_21502,2016,2.999999999999997
2_21601,2016,3.999999999999999
2_21602,2016,6.0
2_21700,2016,7.0
2_21800,2016,3.9999999999999996
2_21900,2016,1.9999999999999976
2_22000,2016,10.999999999999996
2_22101,2016,1.9999999999999991
2_22102,2016,3.0
2_22200,2016,4.999999999999997
2_22300,2016,3.0
2_22401,2016,4.999999999999998
2_22403,2016,0.0
2_22404,2016,3.0
2_22500,2016,3.9999999999999987
2_22701,2016,3.9999999999999987
2_22702,2016,1.9999999999999978
2_22703,2016,1.999999999999998
2_22800,2016,0.9999999999999984
2_22901,2016,2.9999999999999987
2_22902,2016,2.999999999999997
2_2300,2016,3.9999999999999982
2_23000,2016,0.0
2_23100,2016,3.999999999999998
2_23200,2016,0.0
2_23301,2016,3.9999999999999956
2_23302,2016,6.999999999999997
2_23501,2016,2.0
2_23502,2016,0.0
2_23600,2016,6.0
2_23702,2016,8.999999999999998
2_23703,2016,7.000000000000001
2_23704,2016,2.999999999999998
2_23800,2016,2.999999999999995
2_23900,2016,12.0
2_2400,2016,0.9999999999999999
2_24000,2016,1.9999999999999964
2_24100,2016,9.999999999999991
2_24300,2016,1.9999999999999991
2_24400,2016,0.0
2_24501,2016,1.9999999999999978
2_24502,2016,3.0
2_24600,2016,0.0
2_24700,2016,0.9999999999999999
2_24800,2016,0.0
2_2500,2016,2.0
2_25000,2016,2.0
2_25100,2016,11.999999999999998
2_25200,2016,1.0
2_25300,2016,0.0
2_25400,2016,0.9999999999999988
2_25500,2016,2.9999999999999996
2_25600,2016,1.9999999999999993
2_25700,2016,1.0
2_26100,2016,2.0
2_26300,2016,5.999999999999999
2_26400,2016,0.9999999999999983
2_26500,2016,8.999999999999998
2_26601,2016,0.0
2_26602,2016,3.9999999999999964
2_26701,2016,3.0
2_26702,2016,3.9999999999999982
2_26900,2016,9.0
2_2701,2016,5.0
2_2702,2016,8.999999999999993
2_27300,2016,2.999999999999999
2_27401,2016,0.9999999999999983
2_27402,2016,0.0
2_27600,2016,0.999999999999999
2_27700,2016,4.0
2_27900,2016,3.9999999999999982
2_2800,2016,0.9999999999999943
2_28100,2016,1.999999999999998
2_28300,2016,5.999999999999996
2_28400,2016,1.9999999999999978
2_28500,2016,2.9999999999999964
2_28600,2016,2.9999999999999964
2_28700,2016,6.999999999999999
2_28800,2016,0.0
2_28900,2016,6.999999999999993
2_29302,2016,0.0
2_29500,2016,0.999999999999999
2_29600,2016,1.9999999999999911
2_29700,2016,0.9999999999999989
2_30000,2016,3.0
2_30100,2016,0.0
2_30200,2016,0.9999999999999983
2_30701,2016,0.0
2_30900,2016,0.0
2_3100,2016,0.0
2_31000,2016,1.9999999999999956
2_31200,2016,1.999999999999998
2_31400,2016,0.0
2_31600,2016,1.0
2_31800,2016,0.9999999999999996
2_31900,2016,0.0
2_32300,2016,0.9999999999999996
2_32400,2016,1.9999999999999996
2_32600,2016,2.9999999999999996
2_32800,2016,4.0
2_3300,2016,0.0
2_33000,2016,9.0
2_33201,2016,4.999999999999999
2_33202,2016,4.999999999999998
2_33400,2016,2.999999999999995
2_33500,2016,0.9999999999999996
2_33600,2016,0.9999999999999976
2_33700,2016,2.9999999999999973
2_33800,2016,5.999999999999996
2_34000,2016,6.999999999999998
2_34200,2016,2.999999999999997
2_34300,2016,2.0
2_34400,2016,2.0
2_34500,2016,0.9999999999999989
2_34800,2016,5.999999999999999
2_3500,2016,2.9999999999999973
2_35000,2016,2.0
2_35100,2016,0.9999999999999989
2_35600,2016,2.9999999999999987
2_35800,2016,6.999999999999999
2_35900,2016,0.0
2_36000,2016,0.9999999999999999
2_36100,2016,1.9999999999999984
2_36300,2016,4.999999999999993
2_36400,2016,5.999999999999999
2_36501,2016,6.0
2_36502,2016,0.9999999999999996
2_36700,2016,0.0
2_36800,2016,0.0
2_36901,2016,6.0
2_36902,2016,1.9999999999999991
2_3700,2016,3.0
2_37000,2016,1.9999999999999998
2_37100,2016,5.999999999999996
2_37200,2016,6.999999999999999
2_37300,2016,1.9999999999999991
2_37400,2016,0.9999999999999988
2_37504,2016,9.0
2_37600,2016,0.0
2_37800,2016,4.999999999999999
2_37900,2016,7.999999999999996
2_3800,2016,0.0
2_38000,2016,3.9999999999999987
2_38100,2016,4.999999999999998
2_38200,2016,1.0
2_38301,2016,5.999999999999999
2_38302,2016,9.999999999999996
2_38500,2016,0.9999999999999976
2_38600,2016,4.999999999999995
2_38700,2016,1.9999999999999953
2_38800,2016,1.9999999999999991
2_38900,2016,3.9999999999999987
2_3900,2016,10.999999999999996
2_39000,2016,0.9999999999999972
2_39100,2016,4.0
2_39200,2016,3.0
2_39300,2016,6.9999999999999964
2_39400,2016,1.999999999999997
2_39500,2016,5.99999999999999
2_39600,2016,0.9999999999999953
2_39700,2016,13.999999999999995
2_39800,2016,2.999999999999998
2_39901,2016,4.999999999999999
2_39902,2016,2.9999999999999996
2_400,2016,0.0
2_4001,2016,0.0
2_40100,2016,1.999999999999998
2_40302,2016,1.9999999999999996
2_40303,2016,0.9999999999999988
2_40304,2016,1.9999999999999991
2_40400,2016,0.9999999999999996
2_40501,2016,0.9999999999999999
2_40502,2016,4.999999999999997
2_40600,2016,0.9999999999999997
2_40701,2016,0.0
2_40702,2016,4.0
2_40800,2016,5.0
2_40900,2016,1.9999999999999991
2_4100,2016,4.999999999999997
2_41100,2016,0.0
2_41300,2016,2.9999999999999996
2_41400,2016,1.999999999999999
2_41500,2016,3.0
2_41800,2016,0.0
2_41900,2016,3.9999999999999996
2_4200,2016,8.999999999999998
2_42000,2016,4.999999999999991
2_42100,2016,12.0
2_42200,2016,3.999999999999995
2_42300,2016,2.9999999999999996
2_42400,2016,2.9999999999999996
2_42500,2016,7.999999999999993
2_42600,2016,6.999999999999994
2_42800,2016,1.9999999999999978
2_42901,2016,0.0
2_42902,2016,0.0
2_4300,2016,8.0
2_43000,2016,0.9999999999999982
2_43100,2016,10.999999999999988
2_43400,2016,4.999999999999992
2_43500,2016,4.999999999999985
2_43600,2016,1.9999999999999993
2_4400,2016,4.9999999999999964
2_44200,2016,0.0
2_44400,2016,2.9999999999999964
2_44800,2016,0.9999999999999984
2_44901,2016,0.0
2_44902,2016,0.9999999999999997
2_45101,2016,0.9999999999999976
2_45102,2016,3.9999999999999987
2_45600,2016,2.999999999999998
2_45800,2016,2.999999999999996
2_4600,2016,8.0
2_46000,2016,2.0
2_46201,2016,11.999999999999975
2_46202,2016,8.999999999999996
2_4800,2016,1.9999999999999984
2_48400,2016,9.999999999999986
2_5001,2016,1.9999999999999993
2_5002,2016,3.0
2_5100,2016,10.999999999999988
2_51600,2016,2.999999999999998
2_5200,2016,1.9999999999999976
2_5300,2016,0.0
2_5400,2016,5.999999999999997
2_5600,2016,1.999999999999998
2_5902,2016,1.9999999999999993
2_6000,2016,4.999999999999998
2_6100,2016,4.999999999999997
2_6200,2016,1.9999999999999976
2_6300,2016,12.0
2_6400,2016,3.999999999999999
2_6500,2016,29.99999999999998
2_6700,2016,5.0
2_6800,2016,6.999999999999998
2_6900,2016,6.999999999999994
2_7000,2016,2.0
2_7100,2016,7.999999999999991
2_7200,2016,4.999999999999999
2_7300,2016,2.999999999999998
2_7400,2016,1.9999999999999993
2_7500,2016,2.999999999999995
2_7600,2016,1.999999999999997
2_7700,2016,5.999999999999997
2_7800,2016,1.9999999999999962
2_7900,2016,4.999999999999997
2_8300,2016,6.999999999999999
2_8500,2016,4.999999999999994
2_8600,2016,1.9999999999999991
2_8700,2016,5.999999999999994
2_8900,2016,1.9999999999999991
2_9000,2016,1.999999999999993
2_9200,2016,2.9999999999999964
2_9300,2016,11.999999999999988
2_9600,2016,0.9999999999999986
2_9800,2016,1.9999999999999998
3_100,2016,3.9999999999999987
3_10000,2016,3.9999999999999987
3_100400,2016,1.0
3_100600,2016,0.0
3_100800,2016,0.0
3_10100,2016,0.9999999999999976
3_101000,2016,2.999999999999998
3_101200,2016,0.0
3_101400,2016,0.9999999999999996
3_101600,2016,1.0
3_101800,2016,0.0
3_10200,2016,3.9999999999999982
3_102000,2016,0.0
3_102200,2016,0.9999999999999989
3_102400,2016,2.999999999999998
3_102600,2016,0.9999999999999988
3_102800,2016,1.9999999999999964
3_103400,2016,1.9999999999999967
3_10400,2016,4.999999999999999
3_105801,2016,0.0
3_105804,2016,4.0
3_10600,2016,6.999999999999997
3_107000,2016,3.999999999999995
3_107800,2016,4.9999999999999964
3_10800,2016,2.0
3_109800,2016,6.999999999999993
3_1100,2016,5.999999999999999
3_11000,2016,5.999999999999998
3_110400,2016,24.0
3_110600,2016,0.0
3_111000,2016,3.0
3_111600,2016,5.999999999999999
3_111800,2016,0.9999999999999976
3_11200,2016,6.999999999999998
3_112000,2016,3.0
3_112200,2016,4.0
3_112400,2016,4.999999999999998
3_112600,2016,2.9999999999999964
3_112800,2016,7.999999999999996
3_113000,2016,2.999999999999996
3_113200,2016,1.9999999999999993
3_113400,2016,0.9999999999999988
3_11400,2016,7.0
3_114201,2016,0.999999999999994
3_114202,2016,0.0
3_114400,2016,5.0
3_114600,2016,5.999999999999997
3_115000,2016,1.9999999999999993
3_115200,2016,3.0
3_115600,2016,5.0
3_115800,2016,0.9999999999999983
3_11600,2016,4.0
3_116000,2016,0.0
3_116200,2016,1.9999999999999991
3_116400,2016,0.9999999999999989
3_116600,2016,1.9999999999999978
3_116800,2016,2.0
3_11700,2016,1.999999999999998
3_117000,2016,1.999999999999999
3_117201,2016,3.999999999999998
3_117202,2016,0.0
3_117400,2016,8.999999999999995
3_117601,2016,0.0
3_117602,2016,0.0
3_117800,2016,5.999999999999997
3_11800,2016,9.0
3_118000,2016,1.0
3_118201,2016,0.9999999999999983
3_118202,2016,0.0
3_118400,2016,7.0
3_118600,2016,0.0
3_118800,2016,4.0
3_11900,2016,5.999999999999994
3_119000,2016,0.9999999999999997
3_119200,2016,0.999999999999994
3_119400,2016,2.9999999999999996
3_119600,2016,11.0
3_119800,2016,9.999999999999977
3_12000,2016,12.0
3_120000,2016,4.999999999999998
3_120200,2016,3.0
3_120800,2016,4.999999999999994
3_12100,2016,0.999999999999999
3_121000,2016,1.999999999999998
3_121400,2016,3.999999999999998
3_12200,2016,3.0
3_122000,2016,5.999999999999997
3_123700,2016,6.999999999999986
3_12600,2016,1.9999999999999967
3_12700,2016,1.9999999999999951
3_12801,2016,0.0
3_12901,2016,2.999999999999997
3_12902,2016,5.999999999999994
3_1300,2016,9.999999999999998
3_13000,2016,4.0
3_13100,2016,2.9999999999999973
3_13200,2016,2.999999999999998
3_13300,2016,10.999999999999998
3_13400,2016,1.9999999999999976
3_13500,2016,0.0
3_13600,2016,2.999999999999997
3_13700,2016,1.9999999999999982
3_13800,2016,7.999999999999998
3_13900,2016,2.9999999999999956
3_14000,2016,0.9999999999999989
3_14100,2016,0.9999999999999982
3_14200,2016,2.0
3_14300,2016,0.9999999999999956
3_14500,2016,3.9999999999999982
3_14700,2016,0.0
3_14800,2016,1.9999999999999996
3_14900,2016,1.9999999999999978
3_1500,2016,7.999999999999972
3_15000,2016,1.9999999999999991
3_150200,2016,1.9999999999999991
3_15100,2016,0.9999999999999972
3_15200,2016,0.9999999999999982
3_152200,2016,3.9999999999999996
3_15300,2016,0.9999999999999988
3_15400,2016,0.9999999999999989
3_15500,2016,0.9999999999999983
3_15700,2016,0.9999999999999976
3_15900,2016,3.0
3_16000,2016,11.0
3_16100,2016,5.0
3_16200,2016,4.999999999999997
3_16300,2016,0.9999999999999961
3_16400,2016,0.0
3_16500,2016,3.999999999999995
3_16600,2016,1.9999999999999978
3_16700,2016,0.0
3_16800,2016,1.0
3_16900,2016,0.0
3_17000,2016,1.999999999999997
3_17100,2016,0.0
3_17200,2016,1.0
3_17400,2016,0.9999999999999996
3_17500,2016,0.0
3_17600,2016,0.9999999999999996
3_17700,2016,5.999999999999984
3_17800,2016,4.999999999999998
3_17900,2016,0.0
3_1800,2016,2.999999999999983
3_18000,2016,2.999999999999997
3_18100,2016,0.9999999999999976
3_18200,2016,3.9999999999999987
3_18300,2016,4.0
3_18400,2016,0.0
3_18501,2016,0.0
3_18600,2016,0.0
3_18800,2016,1.9999999999999976
3_19000,2016,4.999999999999998
3_19100,2016,0.9999999999999932
3_19200,2016,1.999999999999998
3_19300,2016,0.9999999999999972
3_19400,2016,1.9999999999999976
3_19500,2016,2.9999999999999964
3_19600,2016,1.9999999999999998
3_19700,2016,2.999999999999997
3_19800,2016,1.9999999999999998
3_19900,2016,2.999999999999997
3_200,2016,6.999999999999994
3_2000,2016,2.0
3_20000,2016,0.9999999999999983
3_20100,2016,2.999999999999997
3_20200,2016,0.0
3_20300,2016,5.0
3_20400,2016,1.999999999999998
3_20500,2016,0.9999999999999989
3_20600,2016,2.0
3_20700,2016,0.0
3_20800,2016,0.999999999999999
3_2100,2016,3.0
3_21000,2016,2.9999999999999996
3_21100,2016,1.9999999999999984
3_21200,2016,3.0
3_21300,2016,3.9999999999999987
3_21400,2016,3.9999999999999987
3_21500,2016,5.999999999999999
3_21600,2016,6.999999999999999
3_21700,2016,3.9999999999999982
3_21800,2016,6.0
3_21900,2016,2.999999999999998
3_2200,2016,0.0
3_22000,2016,8.999999999999996
3_22100,2016,5.999999999999996
3_22200,2016,4.999999999999998
3_22400,2016,4.0
3_22600,2016,3.9999999999999947
3_22700,2016,6.999999999999989
3_22800,2016,3.9999999999999956
3_22900,2016,0.0
3_2300,2016,1.0
3_23000,2016,0.9999999999999997
3_23100,2016,0.0
3_23200,2016,4.999999999999998
3_23300,2016,3.9999999999999956
3_23400,2016,5.0
3_23500,2016,4.999999999999997
3_23600,2016,0.9999999999999988
3_23800,2016,3.999999999999999
3_24000,2016,1.9999999999999984
3_24100,2016,2.9999999999999987
3_24200,2016,4.999999999999998
3_24300,2016,2.999999999999998
3_24400,2016,0.999999999999999
3_24500,2016,1.9999999999999967
3_24600,2016,3.9999999999999996
3_24700,2016,5.999999999999995
3_24800,2016,2.999999999999998
3_24900,2016,2.9999999999999996
3_25000,2016,1.9999999999999976
3_25100,2016,1.9999999999999991
3_25200,2016,2.9999999999999996
3_25300,2016,5.0
3_25400,2016,3.0
3_25500,2016,2.999999999999997
3_25600,2016,3.9999999999999996
3_25700,2016,3.999999999999995
3_25800,2016,0.9999999999999996
3_25901,2016,0.9999999999999996
3_25902,2016,2.999999999999997
3_26000,2016,3.0
3_26100,2016,1.9999999999999973
3_26200,2016,0.9999999999999997
3_26300,2016,2.9999999999999996
3_26400,2016,5.0
3_26500,2016,2.999999999999995
3_26600,2016,0.9999999999999999
3_26700,2016,1.0
3_26800,2016,2.999999999999997
3_26900,2016,1.9999999999999978
3_27000,2016,4.0
3_27100,2016,7.999999999999995
3_27200,2016,0.0
3_27300,2016,5.0
3_27400,2016,0.0
3_27500,2016,0.9999999999999976
3_27600,2016,1.9999999999999978
3_27700,2016,3.999999999999998
3_27800,2016,0.0
3_27900,2016,1.9999999999999991
3_28000,2016,3.0
3_28100,2016,6.0
3_28200,2016,0.0
3_28300,2016,1.9999999999999982
3_28400,2016,3.9999999999999956
3_28501,2016,2.9999999999999964
3_28502,2016,0.9999999999999989
3_28600,2016,0.0
3_28700,2016,3.0
3_28800,2016,0.9999999999999996
3_28900,2016,8.0
3_29000,2016,7.999999999999997
3_2901,2016,0.0
3_29100,2016,0.9999999999999996
3_29200,2016,6.0
3_29300,2016,3.999999999999999
3_29400,2016,0.9999999999999997
3_29500,2016,1.9999999999999962
3_29600,2016,1.9999999999999976
3_29700,2016,6.999999999999998
3_29800,2016,7.9999999999999964
3_29900,2016,5.999999999999997
3_3000,2016,0.0
3_30000,2016,4.0
3_301,2016,1.9999999999999978
3_30100,2016,6.99999999999999
3_30200,2016,0.0
3_30300,2016,8.999999999999996
3_30400,2016,1.9999999999999967
3_30500,2016,7.999999999999997
3_30600,2016,1.0
3_30700,2016,10.999999999999996
3_30800,2016,0.9999999999999969
3_30900,2016,2.0
3_3100,2016,8.999999999999988
3_31100,2016,2.999999999999997
3_31300,2016,6.999999999999993
3_31400,2016,0.0
3_31500,2016,6.999999999999993
3_31701,2016,2.999999999999996
3_31702,2016,5.999999999999994
3_31900,2016,0.0
3_32100,2016,5.999999999999998
3_32300,2016,10.0
3_32500,2016,2.9999999999999996
3_32600,2016,8.0
3_32700,2016,9.999999999999995
3_32800,2016,3.999999999999999
3_32900,2016,2.999999999999997
3_3300,2016,6.999999999999996
3_33000,2016,1.0
3_33100,2016,1.9999999999999991
3_33300,2016,0.0
3_33500,2016,7.9999999999999964
3_33600,2016,0.0
3_33700,2016,9.0
3_33900,2016,6.0
3_3400,2016,0.9999999999999983
3_34000,2016,1.0
3_34100,2016,1.9999999999999991
3_34200,2016,3.0
3_34300,2016,4.0
3_34500,2016,4.999999999999999
3_34700,2016,0.9999999999999996
3_34800,2016,9.999999999999986
3_34900,2016,10.999999999999996
3_3500,2016,8.999999999999998
3_35000,2016,2.0
3_35100,2016,7.0
3_35200,2016,0.9999999999999976
3_35300,2016,5.999999999999991
3_35400,2016,0.9999999999999937
3_35500,2016,3.9999999999999982
3_35601,2016,0.0
3_35602,2016,4.999999999999996
3_35700,2016,5.999999999999992
3_35900,2016,3.9999999999999982
3_3600,2016,3.0
3_36001,2016,1.9999999999999998
3_36002,2016,0.9999999999999976
3_36100,2016,3.9999999999999956
3_36200,2016,4.999999999999999
3_36300,2016,2.9999999999999862
3_36400,2016,4.999999999999998
3_36501,2016,5.999999999999994
3_36502,2016,4.999999999999999
3_36600,2016,1.9999999999999942
3_36700,2016,8.0
3_36900,2016,5.0
3_3700,2016,11.0
3_37000,2016,6.999999999999998
3_37100,2016,3.9999999999999956
3_37300,2016,3.999999999999995
3_37401,2016,1.0
3_37402,2016,7.0
3_37500,2016,2.999999999999999
3_37700,2016,1.9999999999999998
3_37900,2016,0.0
3_3800,2016,0.0
3_38100,2016,3.9999999999999947
3_38200,2016,0.0
3_38300,2016,8.999999999999996
3_38500,2016,4.0
3_38600,2016,2.9999999999999987
3_38700,2016,2.9999999999999964
3_38800,2016,0.0
3_38900,2016,6.999999999999993
3_3900,2016,6.999999999999996
3_39000,2016,0.9999999999999976
3_39100,2016,4.0
3_39200,2016,1.9999999999999976
3_39300,2016,4.999999999999992
3_39400,2016,1.9999999999999978
3_39500,2016,2.0
3_39600,2016,0.9999999999999997
3_39700,2016,5.999999999999999
3_39800,2016,0.9999999999999999
3_39900,2016,0.9999999999999966
3_40000,2016,1.9999999999999993
3_40100,2016,1.0
3_40200,2016,6.9999999999999964
3_40300,2016,3.9999999999999947
3_40400,2016,3.999999999999999
3_40500,2016,2.999999999999997
3_40700,2016,1.0
3_40800,2016,0.999999999999999
3_40900,2016,0.0
3_4100,2016,5.0
3_41000,2016,0.0
3_41100,2016,0.9999999999999989
3_41200,2016,0.9999999999999989
3_41300,2016,0.9999999999999996
3_41401,2016,5.999999999999999
3_41402,2016,4.0
3_41500,2016,1.999999999999998
3_41600,2016,1.9999999999999991
3_41700,2016,0.9999999999999989
3_41800,2016,6.999999999999998
3_41900,2016,2.9999999999999987
3_42000,2016,3.999999999999998
3_42100,2016,1.999999999999998
3_42200,2016,6.9999999999999964
3_42300,2016,5.0
3_42400,2016,2.9999999999999996
3_42500,2016,0.9999999999999988
3_42600,2016,1.999999999999997
3_42700,2016,2.0
3_42800,2016,1.9999999999999993
3_42900,2016,1.9999999999999976
3_4300,2016,7.999999999999999
3_43000,2016,3.9999999999999982
3_43100,2016,3.9999999999999947
3_43200,2016,3.0
3_43300,2016,1.9999999999999971
3_43400,2016,3.0
3_43500,2016,2.999999999999996
3_43600,2016,3.9999999999999956
3_43700,2016,2.9999999999999973
3_43800,2016,5.999999999999997
3_43900,2016,2.999999999999999
3_4400,2016,0.9999999999999999
3_44000,2016,0.0
3_44100,2016,1.9999999999999967
3_44200,2016,6.999999999999997
3_44300,2016,2.9999999999999987
3_44400,2016,2.999999999999997
3_44500,2016,2.9999999999999987
3_44600,2016,2.9999999999999987
3_44700,2016,0.0
3_44800,2016,1.999999999999997
3_44900,2016,3.9999999999999982
3_4500,2016,3.9999999999999987
3_45000,2016,0.0
3_45200,2016,0.0
3_45300,2016,1.9999999999999938
3_45400,2016,0.9999999999999983
3_45600,2016,0.9999999999999996
3_45800,2016,5.0
3_4600,2016,3.0
3_46000,2016,6.999999999999998
3_46201,2016,2.999999999999998
3_46202,2016,2.9999999999999996
3_46400,2016,2.9999999999999987
3_46800,2016,0.9999999999999999
3_4700,2016,0.0
3_47000,2016,3.9999999999999996
3_47200,2016,0.9999999999999996
3_47400,2016,3.9999999999999982
3_47600,2016,2.999999999999999
3_47700,2016,0.9999999999999989
3_47800,2016,7.9999999999999964
3_48000,2016,1.9999999999999933
3_48100,2016,0.999999999999999
3_48200,2016,5.9999999999999964
3_48400,2016,5.999999999999997
3_48500,2016,3.9999999999999956
3_48600,2016,2.9999999999999996
3_48800,2016,0.0
3_48900,2016,0.0
3_4900,2016,1.9999999999999996
3_49000,2016,8.999999999999995
3_49100,2016,15.999999999999998
3_49200,2016,2.999999999999996
3_49300,2016,5.999999999999994
3_49400,2016,1.9999999999999973
3_49500,2016,2.9999999999999964
3_49600,2016,5.999999999999996
3_49700,2016,4.999999999999995
3_49800,2016,0.9999999999999982
3_49900,2016,0.9999999999999983
3_5000,2016,2.9999999999999987
3_50000,2016,1.9999999999999991
3_50100,2016,0.9999999999999984
3_502,2016,1.9999999999999982
3_50202,2016,0.0
3_50300,2016,2.9999999999999964
3_50400,2016,0.0
3_50500,2016,0.0
3_50600,2016,1.9999999999999971
3_50700,2016,5.999999999999997
3_50801,2016,2.9999999999999987
3_50803,2016,4.999999999999998
3_50804,2016,4.999999999999995
3_50900,2016,2.9999999999999987
3_5100,2016,0.0
3_51001,2016,3.9999999999999947
3_51002,2016,9.999999999999995
3_51100,2016,0.0
3_51200,2016,4.9999999999999964
3_51300,2016,6.999999999999992
3_51400,2016,2.9999999999999996
3_51500,2016,1.9999999999999998
3_51601,2016,3.9999999999999987
3_51602,2016,2.999999999999996
3_51700,2016,2.9999999999999996
3_51800,2016,4.999999999999999
3_51900,2016,4.999999999999992
3_52000,2016,5.999999999999996
3_5201,2016,0.0
3_5202,2016,0.0
3_52300,2016,0.0
3_52500,2016,7.999999999999996
3_52600,2016,7.0
3_52700,2016,3.0
3_52800,2016,3.9999999999999982
3_52900,2016,3.999999999999996
3_5300,2016,0.9999999999999953
3_53000,2016,3.999999999999996
3_53100,2016,4.999999999999997
3_53200,2016,5.999999999999997
3_53300,2016,2.9999999999999987
3_53400,2016,6.999999999999997
3_53500,2016,5.0
3_53700,2016,5.99999999999999
3_53800,2016,4.999999999999996
3_53900,2016,0.0
3_5400,2016,0.0
3_54200,2016,0.0
3_54300,2016,1.9999999999999964
3_54400,2016,6.999999999999997
3_54500,2016,2.999999999999998
3_54600,2016,6.999999999999998
3_54700,2016,0.9999999999999989
3_54800,2016,0.9999999999999989
3_54900,2016,4.999999999999995
3_55000,2016,1.0
3_55100,2016,2.999999999999995
3_55200,2016,8.999999999999996
3_55300,2016,1.9999999999999991
3_55400,2016,13.999999999999993
3_55500,2016,4.0
3_55600,2016,5.0
3_55700,2016,2.9999999999999964
3_55800,2016,1.9999999999999993
3_56000,2016,1.999999999999997
3_5601,2016,0.0
3_5602,2016,1.9999999999999993
3_56100,2016,4.0
3_56200,2016,0.9999999999999997
3_56300,2016,0.9999999999999997
3_56400,2016,0.9999999999999999
3_56500,2016,0.9999999999999961
3_56600,2016,1.9999999999999978
3_56800,2016,0.0
3_56900,2016,1.9999999999999993
3_57000,2016,7.0
3_57100,2016,8.0
3_57200,2016,4.999999999999998
3_57300,2016,0.0
3_57400,2016,0.9999999999999984
3_57500,2016,0.999999999999996
3_57600,2016,2.9999999999999987
3_57800,2016,0.9999999999999984
3_57900,2016,0.9999999999999936
3_5800,2016,3.0
3_58000,2016,9.0
3_58200,2016,2.9999999999999987
3_58400,2016,0.9999999999999989
3_58600,2016,4.999999999999997
3_58800,2016,1.999999999999998
3_58900,2016,0.9999999999999953
3_5900,2016,0.9999999999999994
3_59000,2016,6.0
3_59100,2016,0.0
3_59200,2016,2.999999999999995
3_59300,2016,0.0
3_59401,2016,2.9999999999999987
3_59402,2016,4.999999999999997
3_59600,2016,0.9999999999999984
3_59800,2016,0.0
3_6000,2016,0.9999999999999999
3_60000,2016,5.999999999999998
3_60600,2016,9.999999999999998
3_60800,2016,4.0
3_61002,2016,0.0
3_61003,2016,3.0
3_61004,2016,1.999999999999998
3_61200,2016,0.9999999999999999
3_61600,2016,3.999999999999999
3_6200,2016,3.0
3_62000,2016,1.9999999999999998
3_62200,2016,0.9999999999999999
3_62600,2016,0.9999999999999983
3_62800,2016,1.9999999999999967
3_6300,2016,0.0
3_63200,2016,0.0
3_63600,2016,0.9999999999999999
3_63800,2016,0.0
3_6400,2016,0.9999999999999969
3_64200,2016,0.9999999999999953
3_64400,2016,0.999999999999999
3_64600,2016,0.9999999999999984
3_64800,2016,1.0
3_6500,2016,0.0
3_65000,2016,4.0
3_65200,2016,0.0
3_65400,2016,0.0
3_65600,2016,0.0
3_65800,2016,0.9999999999999989
3_6600,2016,1.0
3_66000,2016,0.9999999999999996
3_66200,2016,7.0
3_66600,2016,1.9999999999999938
3_6700,2016,0.9999999999999989
3_67000,2016,0.9999999999999953
3_67200,2016,2.999999999999998
3_67400,2016,0.0
3_67600,2016,0.0
3_67800,2016,1.9999999999999991
3_6800,2016,7.999999999999997
3_68000,2016,1.0
3_68200,2016,0.9999999999999989
3_68600,2016,1.9999999999999993
3_68800,2016,1.999999999999998
3_6900,2016,1.9999999999999991
3_69000,2016,0.9999999999999989
3_69200,2016,0.0
3_69601,2016,1.999999999999997
3_69602,2016,2.9999999999999973
3_69800,2016,7.999999999999993
3_700,2016,2.0
3_7000,2016,0.9999999999999997
3_70201,2016,0.0
3_70202,2016,0.9999999999999984
3_70600,2016,1.0
3_7100,2016,2.999999999999998
3_7200,2016,0.0
3_72000,2016,2.9999999999999996
3_72200,2016,10.999999999999993
3_72400,2016,2.9999999999999947
3_72600,2016,0.0
3_72800,2016,0.0
3_73000,2016,1.9999999999999956
3_73200,2016,0.9999999999999956
3_73400,2016,0.9999999999999999
3_73600,2016,1.0
3_73800,2016,3.999999999999999
3_7400,2016,5.99999999999999
3_74000,2016,0.0
3_74200,2016,6.999999999999997
3_74400,2016,0.9999999999999997
3_74600,2016,1.9999999999999964
3_74800,2016,2.9999999999999996
3_7500,2016,3.9999999999999956
3_75000,2016,1.0
3_75200,2016,2.0
3_75400,2016,1.9999999999999993
3_75600,2016,2.9999999999999987
3_75800,2016,1.999999999999998
3_7600,2016,2.999999999999997
3_76000,2016,7.0
3_76200,2016,4.0
3_76400,2016,0.0
3_76600,2016,3.9999999999999982
3_76800,2016,5.999999999999994
3_7700,2016,4.0
3_77000,2016,3.9999999999999956
3_77200,2016,2.999999999999996
3_77400,2016,11.999999999999995
3_77600,2016,3.999999999999996
3_7800,2016,1.9999999999999978
3_78000,2016,0.0
3_78200,2016,0.0
3_78400,2016,1.9999999999999967
3_78600,2016,14.999999999999995
3_78800,2016,2.999999999999998
3_79000,2016,10.999999999999993
3_79200,2016,3.9999999999999956
3_79400,2016,7.999999999999994
3_79601,2016,0.9999999999999983
3_79602,2016,8.999999999999991
3_79801,2016,0.0
3_79802,2016,6.999999999999995
3_8000,2016,0.0
3_80000,2016,3.0
3_80200,2016,2.0
3_80400,2016,4.999999999999998
3_80600,2016,3.999999999999999
3_80800,2016,3.9999999999999982
3_81000,2016,0.0
3_81400,2016,0.9999999999999989
3_81600,2016,0.0
3_81800,2016,5.999999999999996
3_8200,2016,0.0
3_82000,2016,13.999999999999998
3_82200,2016,6.999999999999991
3_82400,2016,1.999999999999998
3_82600,2016,4.999999999999999
3_82800,2016,11.999999999999995
3_83000,2016,13.999999999999991
3_83200,2016,1.9999999999999998
3_83400,2016,0.0
3_83600,2016,4.0
3_83800,2016,1.9999999999999991
3_8400,2016,1.0
3_84000,2016,6.0
3_84600,2016,4.999999999999997
3_84800,2016,0.999999999999999
3_8500,2016,1.0
3_85000,2016,0.0
3_85200,2016,0.9999999999999988
3_85400,2016,1.9999999999999978
3_85600,2016,2.999999999999997
3_85800,2016,1.999999999999998
3_8600,2016,2.0
3_86000,2016,2.999999999999997
3_86200,2016,10.0
3_86400,2016,0.0
3_86600,2016,3.9999999999999982
3_86800,2016,7.999999999999996
3_87000,2016,2.9999999999999987
3_87200,2016,0.9999999999999969
3_87401,2016,0.9999999999999997
3_87600,2016,1.9999999999999984
3_87800,2016,2.0
3_8800,2016,2.9999999999999987
3_88000,2016,6.999999999999993
3_88200,2016,0.0
3_88400,2016,4.999999999999995
3_88600,2016,1.9999999999999956
3_88800,2016,6.999999999999988
3_89000,2016,5.0
3_89200,2016,10.999999999999996
3_89400,2016,3.9999999999999996
3_89600,2016,7.0
3_89800,2016,0.0
3_900,2016,8.999999999999993
3_9000,2016,4.0
3_90000,2016,9.999999999999995
3_90200,2016,0.0
3_90600,2016,6.999999999999998
3_90800,2016,5.999999999999994
3_91000,2016,3.9999999999999987
3_91200,2016,8.999999999999995
3_91600,2016,6.999999999999998
3_91800,2016,0.9999999999999999
3_9200,2016,3.0
3_92000,2016,6.9999999999999964
3_92200,2016,3.9999999999999987
3_92400,2016,5.9999999999999964
3_92800,2016,4.0
3_93000,2016,0.0
3_93200,2016,3.999999999999996
3_93400,2016,0.999999999999999
3_93600,2016,2.999999999999999
3_93800,2016,3.9999999999999956
3_9400,2016,6.0
3_94401,2016,0.0
3_94402,2016,0.0
3_94600,2016,0.9999999999999974
3_95000,2016,4.999999999999995
3_95400,2016,0.9999999999999966
3_95600,2016,1.9999999999999976
3_95800,2016,0.9999999999999996
3_9600,2016,3.9999999999999982
3_96000,2016,3.0
3_96200,2016,0.9999999999999983
3_96400,2016,4.9999999999999964
3_96600,2016,4.999999999999998
3_96800,2016,0.9999999999999989
3_97000,2016,1.9999999999999978
3_97400,2016,9.999999999999995
3_9800,2016,5.0
3_98200,2016,2.999999999999998
3_98400,2016,0.0
3_98600,2016,0.9999999999999984
3_98800,2016,2.999999999999998
3_99000,2016,0.0
3_99200,2016,1.9999999999999993
3_99400,2016,0.9999999999999997
3_99600,2016,4.0
3_99800,2016,1.9999999999999976
4_100,2016,6.999999999999988
4_1000,2016,1.0
4_10000,2016,5.999999999999998
4_100801,2016,0.9999999999999989
4_100802,2016,6.999999999999988
4_10100,2016,1.9999999999999984
4_101001,2016,6.999999999999994
4_101002,2016,3.9999999999999987
4_101700,2016,5.0
4_10200,2016,0.0
4_102900,2016,2.999999999999996
4_10300,2016,0.0
4_103201,2016,2.9999999999999964
4_103202,2016,5.999999999999993
4_103300,2016,2.0
4_103900,2016,2.9999999999999982
4_10400,2016,0.9999999999999997
4_104700,2016,6.999999999999993
4_10500,2016,0.9999999999999996
4_105900,2016,0.9999999999999989
4_10600,2016,2.9999999999999964
4_10701,2016,0.0
4_107201,2016,0.9999999999999988
4_107202,2016,0.0
4_10800,2016,1.0
4_108500,2016,0.0
4_109300,2016,4.0
4_109700,2016,0.9999999999999983
4_109900,2016,1.9999999999999978
4_11000,2016,0.9999999999999983
4_11100,2016,0.0
4_111300,2016,0.0
4_11200,2016,3.9999999999999996
4_112300,2016,0.0
4_112900,2016,0.0
4_11300,2016,0.0
4_113300,2016,1.9999999999999978
4_113900,2016,1.9999999999999944
4_11400,2016,3.9999999999999947
4_114100,2016,1.999999999999998
4_114700,2016,0.0
4_11500,2016,8.999999999999996
4_115100,2016,1.999999999999997
4_115500,2016,0.999999999999999
4_115700,2016,11.999999999999991
4_115900,2016,1.9999999999999996
4_11600,2016,0.0
4_116100,2016,1.9999999999999964
4_116300,2016,13.999999999999998
4_116700,2016,3.9999999999999996
4_11700,2016,1.9999999999999982
4_117100,2016,8.99999999999999
4_117500,2016,2.999999999999997
4_11800,2016,3.0
4_118100,2016,3.0
4_118500,2016,0.9999999999999982
4_118700,2016,0.9999999999999988
4_118900,2016,0.0
4_11900,2016,0.0
4_119100,2016,3.9999999999999996
4_119300,2016,2.999999999999998
4_119500,2016,0.9999999999999997
4_119900,2016,0.0
4_1200,2016,0.9999999999999989
4_12000,2016,3.9999999999999996
4_120100,2016,0.9999999999999997
4_120300,2016,1.9999999999999998
4_120500,2016,1.9999999999999978
4_120700,2016,0.0
4_12100,2016,2.0
4_121100,2016,4.0
4_121500,2016,0.9999999999999986
4_12200,2016,0.9999999999999996
4_122300,2016,2.999999999999998
4_122701,2016,5.999999999999998
4_122702,2016,5.999999999999998
4_12301,2016,2.999999999999999
4_12400,2016,3.999999999999998
4_124100,2016,2.999999999999995
4_124700,2016,2.999999999999997
4_12500,2016,0.0
4_125700,2016,2.999999999999995
4_12601,2016,1.9999999999999993
4_12602,2016,0.0
4_126500,2016,0.0
4_126700,2016,1.999999999999998
4_127700,2016,6.9999999999999964
4_12800,2016,0.0
4_128300,2016,0.9999999999999996
4_129102,2016,1.9999999999999998
4_129103,2016,0.9999999999999996
4_129104,2016,1.999999999999998
4_13000,2016,6.0
4_130100,2016,0.9999999999999983
4_13200,2016,7.999999999999995
4_133300,2016,3.999999999999996
4_133900,2016,0.9999999999999988
4_13400,2016,3.9999999999999956
4_134100,2016,0.0
4_134700,2016,2.0
4_13500,2016,0.9999999999999996
4_13600,2016,0.0
4_136700,2016,3.9999999999999987
4_13700,2016,0.0
4_137700,2016,0.9999999999999984
4_13800,2016,0.9999999999999983
4_138501,2016,1.9999999999999998
4_138502,2016,3.9999999999999964
4_139900,2016,0.9999999999999996
4_1400,2016,3.9999999999999956
4_14000,2016,0.0
4_140300,2016,2.0
4_140901,2016,0.9999999999999984
4_140902,2016,0.0
4_14100,2016,0.0
4_141700,2016,0.0
4_14201,2016,1.0
4_14202,2016,7.999999999999987
4_142900,2016,0.9999999999999989
4_14300,2016,2.0
4_143500,2016,0.0
4_14400,2016,0.0
4_144100,2016,1.9999999999999978
4_144700,2016,4.999999999999995
4_14500,2016,0.0
4_145101,2016,0.0
4_145102,2016,0.0
4_145900,2016,0.9999999999999976
4_146300,2016,6.0
4_146700,2016,3.9999999999999964
4_14700,2016,0.9999999999999989
4_147100,2016,5.999999999999992
4_147900,2016,1.0
4_14800,2016,1.0
4_148300,2016,0.9999999999999988
4_14900,2016,2.0
4_15000,2016,0.999999999999999
4_150701,2016,3.999999999999996
4_150702,2016,4.0
4_15100,2016,1.9999999999999998
4_15200,2016,4.0
4_152901,2016,0.9999999999999948
4_152902,2016,0.0
4_15300,2016,0.9999999999999997
4_15400,2016,4.999999999999999
4_15500,2016,7.000000000000001
4_155102,2016,7.999999999999999
4_15600,2016,2.999999999999997
4_156700,2016,4.0
4_15700,2016,2.0
4_157101,2016,3.0
4_157102,2016,0.0
4_157901,2016,0.9999999999999926
4_157902,2016,4.0
4_157903,2016,2.999999999999995
4_15801,2016,4.0
4_15802,2016,0.9999999999999936
4_15900,2016,0.9999999999999996
4_1600,2016,1.9999999999999993
4_16100,2016,2.999999999999998
4_161700,2016,1.9999999999999944
4_162100,2016,2.999999999999995
4_16300,2016,2.9999999999999987
4_16400,2016,4.0
4_16600,2016,6.999999999999999
4_16800,2016,0.0
4_16900,2016,3.0
4_17000,2016,0.999999999999999
4_17100,2016,4.9999999999999885
4_17200,2016,0.999999999999999
4_17400,2016,0.9999999999999969
4_17600,2016,0.0
4_17800,2016,0.0
4_17900,2016,5.999999999999999
4_1800,2016,0.9999999999999953
4_18000,2016,4.999999999999998
4_18101,2016,1.9999999999999991
4_18102,2016,4.999999999999998
4_18200,2016,0.0
4_18300,2016,7.999999999999999
4_18401,2016,0.9999999999999996
4_18402,2016,1.9999999999999991
4_18501,2016,0.0
4_18502,2016,1.0
4_18600,2016,1.0
4_18700,2016,0.0
4_18800,2016,0.0
4_18900,2016,1.9999999999999938
4_1900,2016,8.999999999999996
4_19000,2016,6.9999999999999964
4_19200,2016,0.0
4_19400,2016,0.9999999999999989
4_19600,2016,0.0
4_19800,2016,1.999999999999997
4_19900,2016,3.9999999999999982
4_200,2016,0.0
4_2000,2016,0.0
4_20200,2016,0.9999999999999989
4_20400,2016,7.0
4_20500,2016,0.9999999999999997
4_20600,2016,0.9999999999999972
4_20800,2016,8.99999999999999
4_21200,2016,6.999999999999997
4_21400,2016,4.999999999999995
4_21600,2016,4.999999999999995
4_21900,2016,1.9999999999999967
4_2200,2016,5.999999999999999
4_22001,2016,0.9999999999999976
4_22002,2016,0.0
4_22900,2016,0.9999999999999983
4_23000,2016,1.0
4_23200,2016,1.999999999999998
4_23500,2016,4.0
4_23600,2016,8.999999999999998
4_23800,2016,1.9999999999999973
4_2400,2016,1.0
4_24000,2016,8.999999999999996
4_24300,2016,1.9999999999999907
4_24500,2016,0.0
4_24600,2016,7.999999999999999
4_24700,2016,0.9999999999999997
4_24900,2016,2.999999999999998
4_2500,2016,0.9999999999999989
4_25100,2016,5.999999999999996
4_25301,2016,4.999999999999997
4_25302,2016,1.9999999999999998
4_25400,2016,0.9999999999999984
4_25500,2016,3.999999999999999
4_25700,2016,1.9999999999999984
4_25800,2016,3.0
4_25900,2016,3.0
4_2600,2016,0.9999999999999999
4_26000,2016,0.0
4_26100,2016,8.999999999999998
4_26200,2016,2.999999999999998
4_26300,2016,1.9999999999999967
4_26400,2016,2.9999999999999996
4_26500,2016,1.9999999999999991
4_26600,2016,2.9999999999999987
4_26700,2016,13.999999999999998
4_26901,2016,2.9999999999999987
4_26902,2016,5.0
4_27000,2016,0.0
4_27100,2016,7.000000000000001
4_27200,2016,0.0
4_27300,2016,11.999999999999991
4_27400,2016,0.9999999999999999
4_27500,2016,0.9999999999999989
4_27600,2016,1.0
4_27700,2016,2.999999999999999
4_27800,2016,0.0
4_27900,2016,2.999999999999999
4_2800,2016,3.999999999999996
4_28000,2016,0.0
4_28100,2016,7.0
4_28200,2016,0.0
4_28300,2016,7.0
4_28400,2016,2.0
4_28500,2016,0.9999999999999996
4_28700,2016,7.0
4_28800,2016,2.9999999999999987
4_28900,2016,5.999999999999993
4_29100,2016,8.999999999999996
4_29300,2016,4.999999999999997
4_29400,2016,7.9999999999999964
4_29500,2016,2.999999999999997
4_29700,2016,4.0
4_29900,2016,0.0
4_30600,2016,2.9999999999999787
4_30902,2016,4.0
4_30903,2016,0.999999999999999
4_30904,2016,3.999999999999996
4_3100,2016,3.0
4_31700,2016,4.999999999999995
4_3200,2016,0.9999999999999946
4_32000,2016,7.999999999999973
4_32700,2016,2.999999999999995
4_32800,2016,2.0
4_32900,2016,4.0
4_3300,2016,11.999999999999991
4_33000,2016,4.999999999999997
4_33100,2016,0.0
4_33401,2016,1.999999999999993
4_33402,2016,9.999999999999993
4_33700,2016,2.9999999999999987
4_33900,2016,0.0
4_3400,2016,3.999999999999998
4_34700,2016,1.9999999999999938
4_35100,2016,2.9999999999999987
4_35200,2016,1.999999999999996
4_35300,2016,6.999999999999996
4_35700,2016,0.9999999999999999
4_35800,2016,2.9999999999999907
4_3600,2016,0.0
4_36100,2016,3.9999999999999956
4_36300,2016,1.9999999999999984
4_36500,2016,2.999999999999998
4_36600,2016,3.9999999999999987
4_36700,2016,1.999999999999998
4_36800,2016,3.0
4_3700,2016,0.0
4_37100,2016,0.0
4_37300,2016,2.9999999999999947
4_37500,2016,3.9999999999999996
4_37600,2016,1.9999999999999973
4_37700,2016,4.999999999999995
4_37900,2016,1.9999999999999978
4_3800,2016,3.9999999999999996
4_38100,2016,3.999999999999994
4_38301,2016,3.9999999999999987
4_38302,2016,0.999999999999999
4_38400,2016,0.0
4_3900,2016,0.9999999999999996
4_39400,2016,1.9999999999999956
4_39800,2016,0.9999999999999984
4_39900,2016,1.9999999999999991
4_400,2016,1.9999999999999984
4_40000,2016,0.0
4_4001,2016,2.9999999999999964
4_4002,2016,0.999999999999999
4_40100,2016,3.0
4_40200,2016,2.0
4_40300,2016,3.9999999999999956
4_40400,2016,1.9999999999999964
4_40500,2016,8.0
4_40700,2016,9.0
4_40900,2016,2.9999999999999964
4_41100,2016,2.9999999999999987
4_41300,2016,2.0
4_41400,2016,1.0
4_41500,2016,1.9999999999999967
4_4200,2016,3.9999999999999982
4_42400,2016,0.0
4_42600,2016,0.999999999999999
4_42700,2016,1.9999999999999967
4_4300,2016,0.9999999999999989
4_43200,2016,0.0
4_43400,2016,0.0
4_43701,2016,2.999999999999999
4_43702,2016,0.9999999999999953
4_43900,2016,2.9999999999999996
4_44000,2016,5.0
4_4401,2016,3.9999999999999933
4_44301,2016,0.0
4_44302,2016,1.9999999999999978
4_44400,2016,9.999999999999995
4_44601,2016,17.0
4_44602,2016,2.999999999999998
4_44800,2016,1.9999999999999991
4_4500,2016,5.999999999999997
4_45000,2016,0.9999999999999988
4_45200,2016,0.0
4_45400,2016,2.9999999999999947
4_45500,2016,2.999999999999998
4_45600,2016,0.0
4_45700,2016,2.9999999999999987
4_45800,2016,7.999999999999998
4_45900,2016,0.9999999999999989
4_46000,2016,8.999999999999995
4_46100,2016,0.9999999999999989
4_46200,2016,8.999999999999996
4_46300,2016,0.0
4_46400,2016,0.0
4_46500,2016,0.0
4_46600,2016,6.999999999999999
4_46700,2016,0.9999999999999976
4_46800,2016,5.999999999999994
4_46900,2016,7.0
4_4700,2016,0.9999999999999984
4_47000,2016,1.9999999999999976
4_47100,2016,1.9999999999999978
4_47200,2016,3.9999999999999996
4_47300,2016,9.999999999999996
4_47500,2016,1.9999999999999993
4_47600,2016,0.0
4_47800,2016,8.0
4_47900,2016,0.9999999999999983
4_48000,2016,0.9999999999999986
4_48100,2016,0.9999999999999996
4_48200,2016,0.9999999999999997
4_48300,2016,0.0
4_48400,2016,0.0
4_48500,2016,5.999999999999991
4_48900,2016,0.9999999999999972
4_49200,2016,5.99999999999999
4_49301,2016,0.0
4_49302,2016,2.9999999999999964
4_49500,2016,0.0
4_49600,2016,3.9999999999999942
4_49700,2016,0.0
4_49900,2016,2.9999999999999964
4_5000,2016,0.0
4_50000,2016,2.9999999999999956
4_50201,2016,0.9999999999999999
4_50202,2016,0.0
4_50400,2016,1.0
4_50500,2016,0.0
4_50600,2016,0.0
4_50700,2016,0.9999999999999996
4_50800,2016,0.0
4_5100,2016,7.000000000000001
4_51000,2016,2.9999999999999987
4_51100,2016,0.0
4_51200,2016,6.0
4_51300,2016,0.0
4_51500,2016,0.0
4_51600,2016,2.0
4_51700,2016,2.9999999999999956
4_51800,2016,0.0
4_5200,2016,0.0
4_52000,2016,0.0
4_52100,2016,2.9999999999999996
4_52200,2016,0.0
4_52400,2016,2.0
4_52500,2016,0.0
4_52600,2016,0.9999999999999989
4_52800,2016,3.999999999999998
4_5300,2016,5.999999999999997
4_53000,2016,1.0
4_53100,2016,2.9999999999999973
4_53200,2016,2.999999999999997
4_53401,2016,1.9999999999999962
4_53500,2016,0.9999999999999936
4_53601,2016,3.0
4_53800,2016,0.9999999999999997
4_53900,2016,3.9999999999999933
4_5400,2016,13.0
4_54000,2016,9.999999999999991
4_54200,2016,4.999999999999999
4_54500,2016,1.0
4_54700,2016,2.9999999999999987
4_54800,2016,0.9999999999999997
4_54900,2016,2.9999999999999996
4_5500,2016,1.0
4_55100,2016,6.0
4_55200,2016,6.999999999999991
4_55300,2016,4.0
4_55400,2016,0.0
4_55500,2016,0.9999999999999984
4_55600,2016,0.9999999999999999
4_55700,2016,1.9999999999999978
4_55800,2016,0.0
4_55900,2016,1.0
4_56000,2016,0.9999999999999997
4_56100,2016,1.9999999999999982
4_56200,2016,0.0
4_56400,2016,0.0
4_56500,2016,0.9999999999999996
4_56600,2016,1.9999999999999993
4_56700,2016,2.999999999999997
4_56800,2016,1.9999999999999998
4_5700,2016,5.0
4_57700,2016,3.999999999999999
4_57900,2016,0.0
4_5800,2016,5.999999999999999
4_58000,2016,0.0
4_58100,2016,2.0
4_58200,2016,2.9999999999999996
4_58300,2016,1.9999999999999978
4_58500,2016,1.9999999999999993
4_58700,2016,0.9999999999999997
4_58900,2016,1.9999999999999996
4_5900,2016,2.999999999999997
4_59000,2016,0.0
4_59100,2016,4.999999999999998
4_59200,2016,0.0
4_59300,2016,0.0
4_59400,2016,1.9999999999999993
4_59500,2016,7.999999999999997
4_59600,2016,0.9999999999999983
4_59800,2016,0.9999999999999989
4_59900,2016,0.9999999999999996
4_600,2016,2.0
4_60000,2016,3.0
4_60100,2016,2.0
4_60300,2016,0.9999999999999948
4_60600,2016,0.0
4_60701,2016,0.0
4_60800,2016,1.9999999999999976
4_6100,2016,10.0
4_61000,2016,0.0
4_61200,2016,0.0
4_61301,2016,5.999999999999991
4_61302,2016,0.0
4_61400,2016,0.9999999999999984
4_61601,2016,0.0
4_61602,2016,0.0
4_61800,2016,0.9999999999999974
4_61900,2016,0.0
4_62000,2016,0.0
4_6201,2016,1.9999999999999998
4_6202,2016,2.9999999999999973
4_62100,2016,1.9999999999999962
4_62200,2016,5.999999999999994
4_62300,2016,0.9999999999999988
4_62400,2016,0.0
4_62500,2016,0.999999999999999
4_62600,2016,0.9999999999999983
4_62700,2016,1.0
4_62900,2016,0.0
4_6300,2016,2.999999999999999
4_63000,2016,1.9999999999999991
4_63200,2016,4.999999999999994
4_63301,2016,0.0
4_63302,2016,0.0
4_63500,2016,1.9999999999999993
4_63700,2016,6.999999999999993
4_63800,2016,0.9999999999999895
4_63900,2016,3.999999999999996
4_64102,2016,3.9999999999999947
4_64500,2016,2.0
4_64600,2016,2.9999999999999987
4_65000,2016,0.0
4_6501,2016,1.9999999999999978
4_6502,2016,8.0
4_65400,2016,9.0
4_65501,2016,0.9999999999999984
4_65600,2016,3.9999999999999947
4_65702,2016,0.0
4_65703,2016,0.9999999999999996
4_65900,2016,0.0
4_66000,2016,1.999999999999998
4_66100,2016,0.0
4_66300,2016,1.0
4_66400,2016,2.999999999999995
4_66501,2016,0.9999999999999989
4_66701,2016,0.9999999999999984
4_66900,2016,0.0
4_67100,2016,0.9999999999999997
4_67700,2016,0.0
4_67900,2016,0.9999999999999997
4_68000,2016,4.999999999999997
4_68200,2016,0.0
4_68300,2016,11.0
4_68700,2016,2.999999999999995
4_6900,2016,1.999999999999998
4_69000,2016,0.9999999999999999
4_69300,2016,2.9999999999999956
4_69400,2016,2.0
4_69500,2016,1.0
4_69701,2016,0.9999999999999983
4_69702,2016,0.9999999999999988
4_700,2016,5.999999999999998
4_70300,2016,0.9999999999999999
4_70700,2016,0.9999999999999996
4_70900,2016,0.9999999999999997
4_7100,2016,1.9999999999999998
4_71100,2016,6.9999999999999964
4_71303,2016,0.999999999999999
4_71304,2016,1.9999999999999996
4_71305,2016,0.0
4_71306,2016,3.9999999999999987
4_71600,2016,0.0
4_71701,2016,3.9999999999999947
4_71702,2016,0.0
4_71900,2016,3.999999999999998
4_72100,2016,0.9999999999999996
4_72300,2016,2.9999999999999987
4_72900,2016,2.0
4_7300,2016,0.9999999999999997
4_73100,2016,1.0
4_73700,2016,5.9999999999999964
4_73900,2016,4.999999999999997
4_74100,2016,4.999999999999999
4_74300,2016,4.999999999999998
4_74500,2016,1.999999999999998
4_74700,2016,0.9999999999999996
4_74900,2016,0.0
4_7500,2016,0.0
4_75701,2016,3.9999999999999996
4_75702,2016,0.9999999999999976
4_76901,2016,0.9999999999999997
4_76902,2016,1.0
4_7700,2016,1.999999999999998
4_77500,2016,1.999999999999998
4_77902,2016,2.9999999999999987
4_77903,2016,0.0
4_77904,2016,4.0
4_77905,2016,2.9999999999999964
4_77906,2016,4.999999999999998
4_77907,2016,0.0
4_77908,2016,2.9999999999999996
4_78800,2016,0.0
4_7900,2016,1.9999999999999996
4_79000,2016,1.0
4_79200,2016,0.0
4_79701,2016,6.999999999999997
4_79702,2016,10.999999999999996
4_79900,2016,5.999999999999993
4_800,2016,2.9999999999999987
4_80301,2016,2.999999999999998
4_80302,2016,0.999999999999999
4_80900,2016,1.9999999999999998
4_8100,2016,0.9999999999999996
4_81400,2016,3.9999999999999942
4_81800,2016,1.999999999999997
4_8300,2016,1.0
4_83700,2016,5.999999999999999
4_83800,2016,3.9999999999999933
4_84000,2016,4.999999999999999
4_84500,2016,4.999999999999998
4_84601,2016,0.0
4_84602,2016,2.999999999999997
4_84900,2016,16.99999999999999
4_8500,2016,0.0
4_85300,2016,15.999999999999995
4_85500,2016,7.0
4_85700,2016,4.9999999999999964
4_85900,2016,2.9999999999999987
4_8600,2016,5.0
4_86100,2016,0.9999999999999996
4_86300,2016,3.9999999999999982
4_86400,2016,0.0
4_86500,2016,5.0
4_86900,2016,11.999999999999984
4_8700,2016,1.9999999999999996
4_87100,2016,20.999999999999993
4_8800,2016,0.9999999999999953
4_88400,2016,1.9999999999999851
4_88901,2016,3.9999999999999956
4_89200,2016,3.9999999999999876
4_90700,2016,5.999999999999994
4_9100,2016,0.0
4_91601,2016,0.0
4_91900,2016,0.9999999999999974
4_92200,2016,0.0
4_92500,2016,2.999999999999997
4_92900,2016,1.999999999999993
4_93401,2016,0.0
4_93402,2016,0.0
4_93800,2016,1.99999999999999
4_93900,2016,1.0
4_9400,2016,5.999999999999999
4_94201,2016,3.9999999999999987
4_94202,2016,0.0
4_94203,2016,3.999999999999998
4_94500,2016,4.999999999999992
4_94700,2016,1.9999999999999967
4_9500,2016,0.9999999999999997
4_95400,2016,3.999999999999998
4_9600,2016,6.999999999999991
4_96400,2016,1.9999999999999978
4_9700,2016,2.0
4_97202,2016,0.0
4_97203,2016,1.999999999999997
4_97204,2016,0.0
4_97300,2016,0.0
4_9800,2016,6.999999999999997
4_98100,2016,5.0
4_98700,2016,2.999999999999999
4_9900,2016,0.0
4_99100,2016,0.9999999999999976
4_99200,2016,1.9999999999999964
4_99701,2016,0.9999999999999997
4_99703,2016,1.9999999999999993
4_99704,2016,3.9999999999999996
4_99705,2016,0.0
4_99801,2016,5.999999999999998
4_99802,2016,2.999999999999996
5_10500,2016,5.999999999999996
5_1100,2016,6.0
5_11201,2016,3.9999999999999947
5_11202,2016,3.99999999999998
5_11401,2016,3.9999999999999964
5_11402,2016,2.999999999999992
5_12100,2016,0.0
5_12200,2016,1.9999999999999951
5_12500,2016,2.999999999999995
5_12804,2016,1.999999999999998
5_12805,2016,0.0
5_12806,2016,1.9999999999999993
5_13201,2016,0.0
5_13203,2016,0.0
5_13204,2016,1.9999999999999973
5_13302,2016,6.999999999999999
5_13400,2016,2.9999999999999996
5_13800,2016,0.9999999999999996
5_14100,2016,2.9999999999999964
5_14604,2016,0.0
5_14605,2016,0.0
5_14606,2016,0.0
5_14607,2016,4.999999999999995
5_14608,2016,0.0
5_14700,2016,2.0
5_15100,2016,2.999999999999995
5_15400,2016,0.0
5_15601,2016,3.0
5_15602,2016,0.9999999999999976
5_15603,2016,3.999999999999996
5_16901,2016,2.9999999999999925
5_1700,2016,3.9999999999999982
5_17005,2016,1.999999999999995
5_17007,2016,0.0
5_17008,2016,2.9999999999999996
5_17009,2016,1.0
5_17010,2016,0.0
5_17011,2016,0.9999999999999976
5_17012,2016,4.0
5_17300,2016,0.0
5_17600,2016,0.9999999999999997
5_17700,2016,4.999999999999998
5_1800,2016,0.0
5_18100,2016,1.9999999999999871
5_18701,2016,0.0
5_18702,2016,1.9999999999999998
5_19800,2016,3.999999999999996
5_2001,2016,0.9999999999999982
5_2002,2016,0.0
5_20801,2016,2.999999999999994
5_20803,2016,0.9999999999999948
5_20804,2016,3.9999999999999942
5_2100,2016,5.999999999999997
5_22600,2016,2.9999999999999987
5_22800,2016,1.9999999999999956
5_24401,2016,2.999999999999996
5_24402,2016,0.0
5_24800,2016,4.0
5_2700,2016,1.9999999999999998
5_27900,2016,0.0
5_2900,2016,10.999999999999998
5_300,2016,5.999999999999994
5_3300,2016,0.0
5_3600,2016,0.9999999999999988
5_3900,2016,0.0
5_4000,2016,14.999999999999982
5_4700,2016,0.0
5_5000,2016,0.9999999999999983
5_5900,2016,0.0
5_600,2016,1.9999999999999964
5_6400,2016,0.9999999999999983
5_6700,2016,0.9999999999999989
5_700,2016,1.9999999999999991
5_7000,2016,5.999999999999995
5_7400,2016,2.9999999999999987
5_7500,2016,1.9999999999999962
5_7700,2016,0.9999999999999989
5_800,2016,0.0
5_8100,2016,0.999999999999999
5_900,2016,0.0
5_9601,2016,2.9999999999999925
5_9602,2016,4.0
5_9700,2016,2.0
1_10000,2017,7.9999999999999885
1_1001,2017,0.0
1_1002,2017,2.999999999999997
1_10100,2017,17.0
1_10200,2017,5.999999999999983
1_10300,2017,2.999999999999989
1_10400,2017,6.999999999999999
1_10601,2017,4.999999999999998
1_10602,2017,7.999999999999996
1_10800,2017,8.0
1_10900,2017,15.999999999999993
1_11000,2017,15.999999999999973
1_11100,2017,7.999999999999999
1_11201,2017,5.999999999999996
1_11202,2017,2.999999999999999
1_11203,2017,12.999999999999986
1_11300,2017,21.99999999999999
1_11401,2017,4.999999999999999
1_11402,2017,6.99999999999999
1_11500,2017,23.999999999999975
1_11600,2017,0.9999999999999997
1_11700,2017,0.9999999999999979
1_11800,2017,5.0
1_11900,2017,10.999999999999975
1_1200,2017,3.0
1_12000,2017,6.999999999999993
1_12100,2017,13.999999999999998
1_12200,2017,2.9999999999999987
1_12400,2017,8.999999999999996
1_12500,2017,12.999999999999988
1_12600,2017,6.999999999999993
1_12700,2017,14.000000000000002
1_12800,2017,1.9999999999999942
1_12900,2017,2.9999999999999942
1_1300,2017,11.999999999999988
1_13000,2017,1.9999999999999951
1_13100,2017,4.999999999999983
1_13200,2017,1.9999999999999991
1_13300,2017,3.999999999999994
1_13400,2017,4.999999999999991
1_13500,2017,6.999999999999987
1_13600,2017,2.9999999999999996
1_13700,2017,18.999999999999996
1_13800,2017,3.9999999999999982
1_13900,2017,4.999999999999992
1_14000,2017,5.9999999999999964
1_1401,2017,2.999999999999997
1_1402,2017,3.9999999999999996
1_14200,2017,8.0
1_14300,2017,16.999999999999986
1_14401,2017,0.9999999999999999
1_14402,2017,3.999999999999999
1_14500,2017,4.999999999999989
1_14601,2017,3.999999999999999
1_14602,2017,1.9999999999999993
1_14700,2017,3.9999999999999964
1_14801,2017,3.9999999999999982
1_14802,2017,1.9999999999999942
1_14900,2017,8.0
1_15001,2017,1.0
1_15002,2017,3.9999999999999964
1_1501,2017,5.99999999999999
1_1502,2017,5.999999999999993
1_15100,2017,0.999999999999999
1_15200,2017,0.0
1_15300,2017,4.999999999999996
1_15400,2017,6.999999999999997
1_15500,2017,5.999999999999996
1_15601,2017,5.99999999999999
1_15602,2017,2.0
1_15700,2017,2.9999999999999987
1_15801,2017,0.9999999999999997
1_15802,2017,3.9999999999999996
1_15900,2017,2.0
1_1600,2017,16.99999999999999
1_16001,2017,0.9999999999999997
1_16002,2017,0.0
1_16100,2017,3.0
1_16200,2017,1.9999999999999978
1_16300,2017,1.999999999999993
1_16400,2017,4.999999999999997
1_16500,2017,5.999999999999995
1_16600,2017,4.999999999999994
1_16700,2017,3.999999999999998
1_16800,2017,4.999999999999998
1_16900,2017,7.999999999999999
1_17000,2017,5.999999999999999
1_17100,2017,4.9999999999999964
1_17200,2017,7.999999999999999
1_17300,2017,1.9999999999999978
1_17401,2017,0.0
1_17402,2017,0.0
1_17500,2017,1.9999999999999993
1_17700,2017,1.9999999999999978
1_17800,2017,7.999999999999996
1_17900,2017,1.9999999999999993
1_1800,2017,19.999999999999975
1_18000,2017,4.999999999999998
1_18100,2017,4.999999999999995
1_18200,2017,9.999999999999995
1_18300,2017,8.999999999999991
1_18400,2017,8.999999999999996
1_18500,2017,7.9999999999999964
1_18600,2017,1.9999999999999991
1_18700,2017,6.0
1_18800,2017,3.9999999999999933
1_18900,2017,2.999999999999996
1_19000,2017,1.0
1_19100,2017,1.9999999999999978
1_19200,2017,1.9999999999999993
1_19300,2017,5.999999999999997
1_19400,2017,8.999999999999991
1_19500,2017,0.9999999999999984
1_19600,2017,6.999999999999987
1_19701,2017,0.9999999999999976
1_19702,2017,0.9999999999999997
1_19800,2017,4.999999999999995
1_19900,2017,1.0
1_2000,2017,2.9999999999999987
1_20000,2017,4.999999999999998
1_201,2017,1.9999999999999996
1_20101,2017,0.0
1_20102,2017,3.0
1_202,2017,2.999999999999998
1_20300,2017,1.0
1_20500,2017,0.9999999999999984
1_20600,2017,5.99999999999999
1_20800,2017,2.999999999999997
1_20901,2017,7.999999999999998
1_2100,2017,15.999999999999998
1_21000,2017,1.9999999999999978
1_21100,2017,0.0
1_21200,2017,9.999999999999996
1_21303,2017,0.9999999999999982
1_21400,2017,0.9999999999999976
1_21500,2017,1.9999999999999984
1_21600,2017,3.0
1_21703,2017,0.9999999999999996
1_21800,2017,9.999999999999995
1_21900,2017,2.9999999999999925
1_22000,2017,7.0
1_2201,2017,6.999999999999993
1_2202,2017,6.9999999999999964
1_22102,2017,4.999999999999998
1_22200,2017,7.999999999999996
1_22301,2017,2.9999999999999987
1_22302,2017,0.0
1_22400,2017,7.9999999999999964
1_22500,2017,6.0
1_22600,2017,5.999999999999999
1_22700,2017,1.999999999999998
1_22800,2017,6.999999999999998
1_22900,2017,0.0
1_23000,2017,5.0
1_23100,2017,2.9999999999999973
1_23200,2017,8.999999999999996
1_23300,2017,0.9999999999999972
1_23400,2017,3.0
1_23501,2017,4.999999999999998
1_23502,2017,0.0
1_23600,2017,7.999999999999991
1_23700,2017,0.9999999999999989
1_23900,2017,2.9999999999999987
1_2400,2017,1.0
1_24000,2017,0.0
1_24100,2017,2.9999999999999987
1_24200,2017,13.99999999999998
1_24301,2017,2.9999999999999987
1_24500,2017,7.999999999999989
1_24700,2017,0.999999999999994
1_24900,2017,0.0
1_2500,2017,0.0
1_25100,2017,12.999999999999993
1_25300,2017,7.999999999999997
1_25500,2017,0.0
1_25700,2017,1.999999999999998
1_25900,2017,5.9999999999999964
1_2601,2017,2.999999999999997
1_2602,2017,1.999999999999998
1_26100,2017,2.999999999999992
1_26300,2017,4.999999999999999
1_26500,2017,6.9999999999999964
1_26700,2017,0.0
1_26900,2017,6.999999999999991
1_2700,2017,0.9999999999999983
1_27100,2017,13.999999999999998
1_27300,2017,3.9999999999999956
1_27500,2017,0.0
1_27700,2017,0.0
1_27900,2017,3.999999999999998
1_2800,2017,0.9999999999999988
1_28100,2017,0.0
1_28300,2017,0.0
1_28500,2017,0.9999999999999976
1_28700,2017,1.9999999999999976
1_2900,2017,9.99999999999999
1_29100,2017,8.999999999999991
1_29300,2017,14.999999999999993
1_29500,2017,0.9999999999999989
1_29700,2017,2.0
1_29900,2017,20.0
1_3001,2017,11.999999999999991
1_3002,2017,0.0
1_30300,2017,3.999999999999995
1_30700,2017,0.0
1_3100,2017,23.99999999999998
1_31100,2017,1.9999999999999967
1_31703,2017,5.999999999999997
1_31704,2017,4.99999999999999
1_3200,2017,5.999999999999997
1_3300,2017,9.999999999999998
1_3400,2017,5.999999999999994
1_3601,2017,7.9999999999999885
1_3602,2017,5.999999999999994
1_3700,2017,7.999999999999997
1_3800,2017,8.999999999999991
1_3900,2017,8.999999999999996
1_4000,2017,9.999999999999998
1_4100,2017,15.999999999999982
1_4200,2017,1.9999999999999978
1_4300,2017,7.999999999999983
1_4400,2017,3.999999999999998
1_4500,2017,3.9999999999999947
1_4700,2017,2.999999999999999
1_4800,2017,0.9999999999999994
1_4900,2017,7.999999999999991
1_5000,2017,4.999999999999999
1_5200,2017,13.999999999999995
1_5400,2017,1.99999999999999
1_5501,2017,2.999999999999997
1_5502,2017,7.999999999999998
1_5600,2017,7.999999999999992
1_5700,2017,1.9999999999999993
1_5800,2017,18.999999999999986
1_5900,2017,0.0
1_600,2017,10.999999999999996
1_6000,2017,4.0
1_6100,2017,6.999999999999998
1_6200,2017,5.999999999999996
1_6300,2017,10.999999999999995
1_6400,2017,4.999999999999995
1_6500,2017,6.999999999999999
1_6600,2017,14.999999999999998
1_6700,2017,9.999999999999998
1_6800,2017,11.999999999999988
1_6900,2017,1.999999999999997
1_700,2017,6.9999999999999964
1_7000,2017,22.0
1_7100,2017,2.999999999999995
1_7200,2017,13.999999999999988
1_7300,2017,7.0
1_7400,2017,8.999999999999993
1_7500,2017,1.9999999999999998
1_7600,2017,10.999999999999979
1_7700,2017,0.9999999999999956
1_7800,2017,16.999999999999996
1_7900,2017,2.999999999999997
1_800,2017,11.0
1_8000,2017,9.999999999999984
1_8100,2017,5.999999999999994
1_8200,2017,8.0
1_8300,2017,9.999999999999986
1_8400,2017,5.999999999999985
1_8601,2017,0.0
1_8603,2017,4.999999999999998
1_8700,2017,8.999999999999995
1_8800,2017,14.99999999999999
1_8900,2017,3.999999999999998
1_900,2017,5.999999999999995
1_9000,2017,6.999999999999993
1_9100,2017,8.999999999999984
1_9200,2017,10.999999999999998
1_9300,2017,3.9999999999999996
1_9400,2017,12.999999999999996
1_9500,2017,10.999999999999998
1_9600,2017,9.99999999999999
1_9700,2017,7.0
1_9800,2017,9.999999999999984
1_9900,2017,10.999999999999979
2_11000,2017,0.0
2_11502,2017,7.99999999999999
2_11700,2017,1.9999999999999978
2_11800,2017,0.0
2_11900,2017,5.999999999999998
2_12101,2017,7.999999999999999
2_12102,2017,0.0
2_12300,2017,8.999999999999995
2_12500,2017,3.9999999999999982
2_12701,2017,1.9999999999999982
2_12901,2017,1.999999999999998
2_13000,2017,0.0
2_13100,2017,0.9999999999999984
2_13200,2017,0.0
2_13300,2017,7.0
2_13500,2017,2.999999999999998
2_13800,2017,0.0
2_14100,2017,8.0
2_14300,2017,2.0
2_14400,2017,0.0
2_14500,2017,1.9999999999999953
2_14701,2017,2.0
2_14702,2017,3.999999999999999
2_14900,2017,3.9999999999999982
2_15100,2017,7.999999999999996
2_15200,2017,3.999999999999998
2_15300,2017,3.9999999999999956
2_15500,2017,1.9999999999999991
2_15700,2017,4.9999999999999964
2_15800,2017,1.9999999999999998
2_15900,2017,10.999999999999993
2_1600,2017,7.0
2_16000,2017,0.9999999999999984
2_16100,2017,5.0
2_16200,2017,2.999999999999998
2_16300,2017,5.999999999999996
2_16400,2017,1.9999999999999964
2_16500,2017,0.0
2_16600,2017,0.0
2_16700,2017,4.999999999999996
2_16900,2017,4.9999999999999964
2_17100,2017,0.0
2_17300,2017,5.999999999999998
2_17500,2017,3.999999999999999
2_17701,2017,5.999999999999997
2_17702,2017,0.999999999999999
2_17901,2017,3.9999999999999996
2_17902,2017,3.999999999999999
2_18101,2017,0.9999999999999988
2_18102,2017,4.999999999999998
2_18302,2017,3.9999999999999982
2_18400,2017,1.9999999999999978
2_18500,2017,10.999999999999998
2_18900,2017,5.999999999999996
2_1900,2017,5.999999999999992
2_19300,2017,1.9999999999999993
2_19400,2017,0.9999999999999944
2_19500,2017,2.999999999999999
2_19700,2017,5.999999999999999
2_19900,2017,1.0
2_200,2017,0.0
2_2000,2017,3.0
2_20000,2017,18.999999999999982
2_20100,2017,0.0
2_20200,2017,1.9999999999999982
2_20400,2017,0.9999999999999984
2_20501,2017,1.999999999999998
2_20601,2017,0.9999999999999972
2_20900,2017,4.999999999999996
2_21001,2017,0.0
2_21002,2017,0.0
2_21100,2017,3.9999999999999996
2_21200,2017,4.999999999999998
2_21301,2017,0.0
2_21302,2017,0.9999999999999989
2_21501,2017,1.9999999999999996
2_21502,2017,5.999999999999998
2_21601,2017,1.999999999999999
2_21602,2017,5.0
2_21700,2017,3.0
2_21800,2017,0.9999999999999984
2_21900,2017,5.999999999999997
2_22000,2017,8.999999999999991
2_22101,2017,1.9999999999999978
2_22102,2017,0.0
2_22200,2017,5.9999999999999964
2_22300,2017,3.9999999999999996
2_22401,2017,4.999999999999997
2_22403,2017,3.9999999999999987
2_22404,2017,2.999999999999998
2_22500,2017,2.999999999999997
2_22701,2017,2.999999999999998
2_22702,2017,0.0
2_22703,2017,3.0
2_22800,2017,0.9999999999999989
2_22901,2017,1.9999999999999967
2_22902,2017,2.9999999999999987
2_2300,2017,3.0
2_23000,2017,5.999999999999997
2_23100,2017,6.999999999999993
2_23200,2017,2.0
2_23301,2017,5.0
2_23302,2017,3.9999999999999996
2_23501,2017,2.9999999999999996
2_23502,2017,1.9999999999999998
2_23600,2017,2.9999999999999987
2_23702,2017,0.9999999999999953
2_23703,2017,8.0
2_23704,2017,3.0
2_23800,2017,5.999999999999999
2_23900,2017,4.0
2_2400,2017,2.0
2_24000,2017,5.999999999999995
2_24100,2017,14.0
2_24300,2017,1.9999999999999978
2_24400,2017,0.9999999999999988
2_24501,2017,1.9999999999999978
2_24502,2017,6.999999999999999
2_24600,2017,1.9999999999999984
2_24700,2017,0.0
2_24800,2017,0.999999999999999
2_2500,2017,3.9999999999999982
2_25000,2017,0.999999999999999
2_25100,2017,11.999999999999996
2_25200,2017,3.9999999999999996
2_25300,2017,2.999999999999997
2_25400,2017,0.0
2_25500,2017,1.0
2_25600,2017,4.999999999999998
2_25700,2017,0.0
2_26100,2017,1.9999999999999993
2_26300,2017,6.0
2_26400,2017,0.999999999999996
2_26500,2017,15.999999999999996
2_26601,2017,1.9999999999999998
2_26602,2017,7.999999999999999
2_26701,2017,1.9999999999999991
2_26702,2017,5.999999999999998
2_26900,2017,2.999999999999989
2_2701,2017,2.0
2_2702,2017,9.999999999999998
2_27300,2017,2.9999999999999964
2_27401,2017,0.0
2_27402,2017,0.9999999999999988
2_27600,2017,0.9999999999999983
2_27700,2017,3.9999999999999956
2_27900,2017,6.9999999999999964
2_2800,2017,0.9999999999999936
2_28100,2017,1.0
2_28300,2017,6.999999999999993
2_28400,2017,6.0
2_28500,2017,6.0
2_28600,2017,4.999999999999998
2_28700,2017,1.9999999999999962
2_28800,2017,0.0
2_28900,2017,12.999999999999996
2_29302,2017,0.0
2_29500,2017,1.999999999999997
2_29600,2017,2.999999999999997
2_29700,2017,0.9999999999999996
2_30000,2017,4.999999999999997
2_30100,2017,0.0
2_30200,2017,1.9999999999999984
2_30701,2017,0.9999999999999996
2_30900,2017,0.9999999999999996
2_3100,2017,0.0
2_31000,2017,1.999999999999995
2_31200,2017,0.9999999999999996
2_31400,2017,0.0
2_31600,2017,0.0
2_31800,2017,0.0
2_31900,2017,0.9999999999999996
2_32300,2017,0.9999999999999996
2_32400,2017,3.9999999999999996
2_32600,2017,2.999999999999998
2_32800,2017,0.9999999999999989
2_3300,2017,3.9999999999999956
2_33000,2017,7.999999999999994
2_33201,2017,7.0
2_33202,2017,0.999999999999996
2_33400,2017,0.9999999999999879
2_33500,2017,0.0
2_33600,2017,1.999999999999998
2_33700,2017,3.9999999999999987
2_33800,2017,3.0
2_34000,2017,6.999999999999998
2_34200,2017,4.0
2_34300,2017,1.0
2_34400,2017,0.9999999999999999
2_34500,2017,1.0
2_34800,2017,4.999999999999997
2_3500,2017,1.999999999999997
2_35000,2017,0.0
2_35100,2017,0.0
2_35600,2017,3.999999999999994
2_35800,2017,0.999999999999993
2_35900,2017,2.999999999999997
2_36000,2017,0.999999999999999
2_36100,2017,5.999999999999997
2_36300,2017,16.99999999999999
2_36400,2017,4.999999999999998
2_36501,2017,1.9999999999999967
2_36502,2017,0.999999999999999
2_36700,2017,0.0
2_36800,2017,3.9999999999999996
2_36901,2017,4.999999999999998
2_36902,2017,1.9999999999999993
2_3700,2017,0.9999999999999984
2_37000,2017,0.9999999999999983
2_37100,2017,2.999999999999996
2_37200,2017,2.999999999999998
2_37300,2017,2.999999999999995
2_37400,2017,4.999999999999998
2_37504,2017,15.0
2_37600,2017,0.0
2_37800,2017,6.0
2_37900,2017,3.0
2_3800,2017,0.0
2_38000,2017,3.999999999999999
2_38100,2017,3.9999999999999973
2_38200,2017,0.0
2_38301,2017,7.999999999999993
2_38302,2017,3.9999999999999942
2_38500,2017,4.999999999999997
2_38600,2017,5.999999999999991
2_38700,2017,6.999999999999997
2_38800,2017,0.0
2_38900,2017,5.999999999999997
2_3900,2017,19.0
2_39000,2017,2.0
2_39100,2017,5.999999999999999
2_39200,2017,2.999999999999998
2_39300,2017,3.999999999999996
2_39400,2017,4.999999999999999
2_39500,2017,9.999999999999984
2_39600,2017,3.9999999999999982
2_39700,2017,8.999999999999998
2_39800,2017,4.999999999999999
2_39901,2017,5.999999999999994
2_39902,2017,6.0
2_400,2017,1.9999999999999998
2_4001,2017,0.0
2_40100,2017,5.999999999999997
2_40302,2017,1.9999999999999998
2_40303,2017,2.0
2_40304,2017,1.999999999999998
2_40400,2017,2.0
2_40501,2017,1.9999999999999996
2_40502,2017,2.999999999999998
2_40600,2017,7.0
2_40701,2017,0.0
2_40702,2017,2.999999999999997
2_40800,2017,3.9999999999999987
2_40900,2017,0.9999999999999988
2_4100,2017,4.999999999999997
2_41100,2017,2.0
2_41300,2017,2.9999999999999987
2_41400,2017,3.999999999999994
2_41500,2017,0.0
2_41800,2017,5.999999999999998
2_41900,2017,6.999999999999997
2_4200,2017,5.999999999999997
2_42000,2017,4.999999999999989
2_42100,2017,3.999999999999991
2_42200,2017,7.999999999999996
2_42300,2017,3.0
2_42400,2017,0.0
2_42500,2017,3.9999999999999956
2_42600,2017,6.999999999999998
2_42800,2017,0.0
2_42901,2017,0.9999999999999989
2_42902,2017,0.9999999999999988
2_4300,2017,8.999999999999996
2_43000,2017,0.9999999999999982
2_43100,2017,8.999999999999991
2_43400,2017,2.9999999999999964
2_43500,2017,7.999999999999992
2_43600,2017,1.9999999999999978
2_4400,2017,4.999999999999999
2_44200,2017,1.9999999999999962
2_44400,2017,5.0
2_44800,2017,0.0
2_44901,2017,0.9999999999999997
2_44902,2017,0.0
2_45101,2017,2.0
2_45102,2017,0.9999999999999996
2_45600,2017,0.999999999999999
2_45800,2017,2.9999999999999987
2_4600,2017,5.999999999999999
2_46000,2017,0.9999999999999997
2_46201,2017,24.999999999999975
2_46202,2017,7.999999999999987
2_4800,2017,4.0
2_48400,2017,4.999999999999996
2_5001,2017,0.0
2_5002,2017,0.9999999999999997
2_5100,2017,8.999999999999991
2_51600,2017,0.0
2_5200,2017,4.0
2_5300,2017,0.9999999999999999
2_5400,2017,3.9999999999999933
2_5600,2017,1.9999999999999978
2_5902,2017,0.0
2_6000,2017,2.9999999999999987
2_6100,2017,5.999999999999998
2_6200,2017,3.9999999999999996
2_6300,2017,8.999999999999996
2_6400,2017,2.9999999999999987
2_6500,2017,23.999999999999996
2_6700,2017,6.999999999999999
2_6800,2017,0.0
2_6900,2017,7.999999999999998
2_7000,2017,0.9999999999999972
2_7100,2017,9.99999999999999
2_7200,2017,2.999999999999997
2_7300,2017,2.999999999999997
2_7400,2017,1.9999999999999991
2_7500,2017,2.999999999999998
2_7600,2017,1.0
2_7700,2017,3.9999999999999964
2_7800,2017,1.9999999999999978
2_7900,2017,3.9999999999999956
2_8300,2017,3.0
2_8500,2017,1.9999999999999964
2_8600,2017,0.9999999999999982
2_8700,2017,11.999999999999998
2_8900,2017,3.999999999999999
2_9000,2017,3.999999999999991
2_9200,2017,8.999999999999998
2_9300,2017,19.999999999999996
2_9600,2017,4.999999999999998
2_9800,2017,0.9999999999999989
3_100,2017,2.999999999999999
3_10000,2017,1.9999999999999978
3_100400,2017,1.9999999999999993
3_100600,2017,2.0
3_100800,2017,1.999999999999998
3_10100,2017,2.999999999999996
3_101000,2017,1.0
3_101200,2017,2.9999999999999987
3_101400,2017,0.0
3_101600,2017,0.0
3_101800,2017,0.0
3_10200,2017,4.999999999999997
3_102000,2017,0.0
3_102200,2017,2.0
3_102400,2017,6.0
3_102600,2017,0.0
3_102800,2017,0.9999999999999996
3_103400,2017,0.9999999999999996
3_10400,2017,5.9999999999999964
3_105801,2017,2.999999999999997
3_105804,2017,3.9999999999999947
3_10600,2017,2.9999999999999964
3_107000,2017,6.0
3_107800,2017,2.9999999999999964
3_10800,2017,4.0
3_109800,2017,8.999999999999984
3_1100,2017,3.9999999999999973
3_11000,2017,1.9999999999999978
3_110400,2017,20.999999999999982
3_110600,2017,2.9999999999999987
3_111000,2017,1.9999999999999991
3_111600,2017,6.999999999999991
3_111800,2017,2.9999999999999987
3_11200,2017,6.999999999999999
3_112000,2017,4.999999999999998
3_112200,2017,3.999999999999999
3_112400,2017,4.0
3_112600,2017,1.999999999999999
3_112800,2017,6.0
3_113000,2017,1.0
3_113200,2017,6.999999999999997
3_113400,2017,4.0
3_11400,2017,7.000000000000001
3_114201,2017,1.9999999999999942
3_114202,2017,0.0
3_114400,2017,5.999999999999984
3_114600,2017,2.999999999999995
3_115000,2017,0.999999999999999
3_115200,2017,3.9999999999999987
3_115600,2017,4.999999999999998
3_115800,2017,2.9999999999999987
3_11600,2017,3.9999999999999987
3_116000,2017,0.9999999999999972
3_116200,2017,3.999999999999999
3_116400,2017,0.0
3_116600,2017,1.9999999999999998
3_116800,2017,0.9999999999999999
3_11700,2017,0.0
3_117000,2017,0.9999999999999966
3_117201,2017,4.999999999999999
3_117202,2017,0.0
3_117400,2017,4.0
3_117601,2017,0.9999999999999999
3_117602,2017,0.9999999999999997
3_117800,2017,2.999999999999999
3_11800,2017,6.999999999999993
3_118000,2017,2.9999999999999987
3_118201,2017,0.0
3_118202,2017,1.0
3_118400,2017,3.9999999999999982
3_118600,2017,0.9999999999999989
3_118800,2017,3.0
3_11900,2017,4.999999999999983
3_119000,2017,0.0
3_119200,2017,8.999999999999996
3_119400,2017,2.999999999999996
3_119600,2017,10.999999999999991
3_119800,2017,9.999999999999988
3_12000,2017,6.999999999999984
3_120000,2017,5.0
3_120200,2017,0.9999999999999984
3_120800,2017,4.999999999999997
3_12100,2017,5.0
3_121000,2017,1.9999999999999998
3_121400,2017,3.999999999999997
3_12200,2017,0.9999999999999989
3_122000,2017,4.999999999999997
3_123700,2017,5.999999999999991
3_12600,2017,5.0
3_12700,2017,2.999999999999997
3_12801,2017,5.999999999999999
3_12901,2017,8.999999999999991
3_12902,2017,10.999999999999993
3_1300,2017,5.999999999999994
3_13000,2017,8.0
3_13100,2017,0.9999999999999953
3_13200,2017,1.0
3_13300,2017,7.999999999999996
3_13400,2017,4.999999999999995
3_13500,2017,2.9999999999999996
3_13600,2017,0.9999999999999976
3_13700,2017,2.999999999999998
3_13800,2017,3.9999999999999933
3_13900,2017,3.999999999999996
3_14000,2017,0.0
3_14100,2017,4.0
3_14200,2017,1.0
3_14300,2017,0.9999999999999976
3_14500,2017,0.9999999999999989
3_14700,2017,0.0
3_14800,2017,2.0
3_14900,2017,1.9999999999999978
3_1500,2017,7.9999999999999805
3_15000,2017,0.9999999999999988
3_150200,2017,0.9999999999999972
3_15100,2017,3.0
3_15200,2017,0.999999999999999
3_152200,2017,6.999999999999999
3_15300,2017,1.9999999999999962
3_15400,2017,0.999999999999996
3_15500,2017,0.999999999999999
3_15700,2017,2.9999999999999964
3_15900,2017,5.0
3_16000,2017,11.999999999999988
3_16100,2017,7.9999999999999885
3_16200,2017,0.0
3_16300,2017,4.999999999999992
3_16400,2017,0.0
3_16500,2017,1.9999999999999967
3_16600,2017,1.9999999999999978
3_16700,2017,3.9999999999999956
3_16800,2017,0.9999999999999989
3_16900,2017,0.0
3_17000,2017,1.9999999999999978
3_17100,2017,0.999999999999999
3_17200,2017,0.9999999999999983
3_17400,2017,0.0
3_17500,2017,0.0
3_17600,2017,0.9999999999999997
3_17700,2017,11.99999999999999
3_17800,2017,3.999999999999998
3_17900,2017,0.9999999999999969
3_1800,2017,8.999999999999988
3_18000,2017,2.999999999999998
3_18100,2017,1.9999999999999984
3_18200,2017,0.0
3_18300,2017,3.999999999999995
3_18400,2017,1.0
3_18501,2017,1.0
3_18600,2017,0.0
3_18800,2017,1.9999999999999967
3_19000,2017,3.999999999999998
3_19100,2017,0.0
3_19200,2017,3.999999999999995
3_19300,2017,4.999999999999999
3_19400,2017,2.9999999999999956
3_19500,2017,4.999999999999998
3_19600,2017,4.999999999999998
3_19700,2017,5.0
3_19800,2017,2.0
3_19900,2017,5.999999999999998
3_200,2017,3.999999999999994
3_2000,2017,3.9999999999999964
3_20000,2017,0.0
3_20100,2017,0.0
3_20200,2017,0.0
3_20300,2017,0.999999999999999
3_20400,2017,0.9999999999999996
3_20500,2017,5.0
3_20600,2017,1.0
3_20700,2017,1.9999999999999993
3_20800,2017,2.999999999999999
3_2100,2017,1.9999999999999931
3_21000,2017,3.999999999999997
3_21100,2017,1.0
3_21200,2017,3.9999999999999987
3_21300,2017,0.9999999999999989
3_21400,2017,3.9999999999999982
3_21500,2017,4.9999999999999964
3_21600,2017,5.0
3_21700,2017,0.999999999999999
3_21800,2017,1.9999999999999978
3_21900,2017,0.9999999999999976
3_2200,2017,3.9999999999999956
3_22000,2017,12.999999999999996
3_22100,2017,7.999999999999992
3_22200,2017,3.9999999999999956
3_22400,2017,4.999999999999999
3_22600,2017,3.9999999999999942
3_22700,2017,11.999999999999998
3_22800,2017,2.0
3_22900,2017,1.9999999999999976
3_2300,2017,0.9999999999999982
3_23000,2017,3.0
3_23100,2017,0.0
3_23200,2017,9.999999999999993
3_23300,2017,3.999999999999996
3_23400,2017,5.999999999999998
3_23500,2017,4.0
3_23600,2017,3.9999999999999982
3_23800,2017,4.999999999999998
3_24000,2017,2.0
3_24100,2017,6.999999999999991
3_24200,2017,8.0
3_24300,2017,2.999999999999997
3_24400,2017,2.999999999999998
3_24500,2017,2.999999999999996
3_24600,2017,1.9999999999999978
3_24700,2017,6.999999999999997
3_24800,2017,2.9999999999999987
3_24900,2017,5.0
3_25000,2017,0.999999999999996
3_25100,2017,1.9999999999999998
3_25200,2017,2.9999999999999987
3_25300,2017,2.9999999999999996
3_25400,2017,1.0
3_25500,2017,3.999999999999998
3_25600,2017,1.9999999999999991
3_25700,2017,1.9999999999999978
3_25800,2017,1.9999999999999991
3_25901,2017,2.9999999999999987
3_25902,2017,2.9999999999999987
3_26000,2017,4.0
3_26100,2017,0.0
3_26200,2017,0.9999999999999999
3_26300,2017,1.9999999999999976
3_26400,2017,1.0
3_26500,2017,1.9999999999999978
3_26600,2017,1.9999999999999978
3_26700,2017,0.0
3_26800,2017,1.9999999999999967
3_26900,2017,0.9999999999999996
3_27000,2017,1.9999999999999984
3_27100,2017,4.999999999999992
3_27200,2017,0.9999999999999996
3_27300,2017,6.0
3_27400,2017,4.999999999999998
3_27500,2017,3.9999999999999996
3_27600,2017,0.0
3_27700,2017,5.0
3_27800,2017,2.9999999999999987
3_27900,2017,0.9999999999999984
3_28000,2017,0.999999999999999
3_28100,2017,1.9999999999999982
3_28200,2017,0.9999999999999984
3_28300,2017,1.9999999999999976
3_28400,2017,2.999999999999998
3_28501,2017,1.9999999999999991
3_28502,2017,2.0
3_28600,2017,2.999999999999996
3_28700,2017,2.9999999999999996
3_28800,2017,0.9999999999999997
3_28900,2017,2.9999999999999987
3_29000,2017,5.999999999999998
3_2901,2017,0.0
3_29100,2017,0.9999999999999969
3_29200,2017,11.999999999999996
3_29300,2017,0.9999999999999997
3_29400,2017,1.9999999999999998
3_29500,2017,1.9999999999999991
3_29600,2017,3.9999999999999964
3_29700,2017,2.0
3_29800,2017,5.999999999999997
3_29900,2017,3.9999999999999947
3_3000,2017,0.0
3_30000,2017,3.9999999999999987
3_301,2017,0.0
3_30100,2017,5.999999999999994
3_30200,2017,0.9999999999999996
3_30300,2017,2.9999999999999987
3_30400,2017,4.999999999999996
3_30500,2017,2.9999999999999987
3_30600,2017,0.0
3_30700,2017,5.999999999999994
3_30800,2017,2.999999999999999
3_30900,2017,0.0
3_3100,2017,7.999999999999987
3_31100,2017,0.0
3_31300,2017,1.999999999999998
3_31400,2017,3.0
3_31500,2017,11.0
3_31701,2017,0.9999999999999969
3_31702,2017,6.999999999999993
3_31900,2017,1.9999999999999996
3_32100,2017,2.9999999999999964
3_32300,2017,4.999999999999994
3_32500,2017,0.9999999999999989
3_32600,2017,11.999999999999995
3_32700,2017,0.9999999999999937
3_32800,2017,0.999999999999999
3_32900,2017,4.999999999999995
3_3300,2017,5.999999999999998
3_33000,2017,0.0
3_33100,2017,2.0
3_33300,2017,0.9999999999999996
3_33500,2017,0.9999999999999989
3_33600,2017,0.9999999999999988
3_33700,2017,7.9999999999999964
3_33900,2017,4.999999999999997
3_3400,2017,0.9999999999999984
3_34000,2017,0.0
3_34100,2017,2.9999999999999987
3_34200,2017,0.9999999999999976
3_34300,2017,1.0
3_34500,2017,4.0
3_34700,2017,1.9999999999999998
3_34800,2017,6.0
3_34900,2017,5.999999999999999
3_3500,2017,5.999999999999998
3_35000,2017,1.9999999999999978
3_35100,2017,7.0
3_35200,2017,1.9999999999999978
3_35300,2017,8.999999999999998
3_35400,2017,1.9999999999999971
3_35500,2017,3.999999999999998
3_35601,2017,0.9999999999999996
3_35602,2017,2.9999999999999996
3_35700,2017,5.999999999999992
3_35900,2017,9.999999999999993
3_3600,2017,3.0
3_36001,2017,2.0
3_36002,2017,0.9999999999999976
3_36100,2017,2.9999999999999987
3_36200,2017,6.999999999999998
3_36300,2017,4.999999999999987
3_36400,2017,3.999999999999999
3_36501,2017,4.999999999999993
3_36502,2017,3.9999999999999902
3_36600,2017,3.9999999999999964
3_36700,2017,6.9999999999999964
3_36900,2017,2.0
3_3700,2017,6.0
3_37000,2017,3.9999999999999893
3_37100,2017,1.9999999999999964
3_37300,2017,2.9999999999999964
3_37401,2017,0.9999999999999996
3_37402,2017,5.999999999999996
3_37500,2017,4.999999999999998
3_37700,2017,1.9999999999999998
3_37900,2017,5.999999999999996
3_3800,2017,0.0
3_38100,2017,3.9999999999999982
3_38200,2017,0.0
3_38300,2017,5.999999999999997
3_38500,2017,4.9999999999999964
3_38600,2017,3.9999999999999956
3_38700,2017,2.999999999999995
3_38800,2017,0.0
3_38900,2017,3.9999999999999956
3_3900,2017,2.999999999999992
3_39000,2017,1.9999999999999993
3_39100,2017,0.0
3_39200,2017,0.9999999999999956
3_39300,2017,11.0
3_39400,2017,9.0
3_39500,2017,0.9999999999999966
3_39600,2017,0.9999999999999996
3_39700,2017,4.0
3_39800,2017,1.9999999999999991
3_39900,2017,0.0
3_40000,2017,2.9999999999999987
3_40100,2017,2.999999999999997
3_40200,2017,4.999999999999996
3_40300,2017,6.0
3_40400,2017,3.0
3_40500,2017,3.0
3_40700,2017,0.0
3_40800,2017,0.9999999999999996
3_40900,2017,0.9999999999999996
3_4100,2017,8.0
3_41000,2017,0.0
3_41100,2017,0.9999999999999989
3_41200,2017,5.0
3_41300,2017,2.9999999999999964
3_41401,2017,3.9999999999999956
3_41402,2017,0.9999999999999984
3_41500,2017,0.0
3_41600,2017,2.999999999999997
3_41700,2017,0.999999999999999
3_41800,2017,2.999999999999997
3_41900,2017,1.9999999999999991
3_42000,2017,4.999999999999998
3_42100,2017,1.9999999999999978
3_42200,2017,3.9999999999999987
3_42300,2017,1.9999999999999964
3_42400,2017,1.9999999999999978
3_42500,2017,0.9999999999999997
3_42600,2017,0.999999999999999
3_42700,2017,0.9999999999999969
3_42800,2017,0.9999999999999997
3_42900,2017,0.9999999999999926
3_4300,2017,7.999999999999998
3_43000,2017,2.999999999999998
3_43100,2017,4.999999999999997
3_43200,2017,2.0
3_43300,2017,6.9999999999999964
3_43400,2017,0.9999999999999988
3_43500,2017,3.9999999999999964
3_43600,2017,0.9999999999999984
3_43700,2017,2.999999999999997
3_43800,2017,0.999999999999999
3_43900,2017,4.999999999999995
3_4400,2017,1.0
3_44000,2017,6.999999999999996
3_44100,2017,1.999999999999998
3_44200,2017,10.0
3_44300,2017,3.9999999999999982
3_44400,2017,2.999999999999996
3_44500,2017,2.9999999999999964
3_44600,2017,2.999999999999998
3_44700,2017,1.0
3_44800,2017,2.999999999999998
3_44900,2017,6.999999999999974
3_4500,2017,2.9999999999999964
3_45000,2017,0.0
3_45200,2017,1.9999999999999953
3_45300,2017,3.999999999999996
3_45400,2017,1.9999999999999993
3_45600,2017,1.9999999999999967
3_45800,2017,1.9999999999999993
3_4600,2017,1.9999999999999996
3_46000,2017,3.9999999999999964
3_46201,2017,4.999999999999994
3_46202,2017,0.999999999999999
3_46400,2017,1.999999999999998
3_46800,2017,0.0
3_4700,2017,1.9999999999999976
3_47000,2017,3.9999999999999996
3_47200,2017,2.9999999999999987
3_47400,2017,2.0
3_47600,2017,8.999999999999998
3_47700,2017,1.9999999999999976
3_47800,2017,7.999999999999997
3_48000,2017,0.0
3_48100,2017,3.0
3_48200,2017,8.999999999999993
3_48400,2017,3.999999999999999
3_48500,2017,5.99999999999999
3_48600,2017,3.9999999999999956
3_48800,2017,0.999999999999999
3_48900,2017,0.0
3_4900,2017,0.0
3_49000,2017,2.999999999999998
3_49100,2017,8.99999999999999
3_49200,2017,5.999999999999997
3_49300,2017,2.9999999999999916
3_49400,2017,3.999999999999999
3_49500,2017,3.9999999999999964
3_49600,2017,9.0
3_49700,2017,7.999999999999999
3_49800,2017,0.999999999999999
3_49900,2017,1.9999999999999967
3_5000,2017,1.9999999999999998
3_50000,2017,0.0
3_50100,2017,0.9999999999999996
3_502,2017,2.999999999999997
3_50202,2017,0.0
3_50300,2017,1.9999999999999956
3_50400,2017,2.9999999999999987
3_50500,2017,4.999999999999999
3_50600,2017,8.999999999999996
3_50700,2017,3.0
3_50801,2017,2.9999999999999996
3_50803,2017,2.9999999999999987
3_50804,2017,7.9999999999999964
3_50900,2017,0.9999999999999984
3_5100,2017,1.9999999999999978
3_51001,2017,2.999999999999995
3_51002,2017,12.0
3_51100,2017,1.9999999999999991
3_51200,2017,1.9999999999999978
3_51300,2017,11.0
3_51400,2017,3.999999999999999
3_51500,2017,1.9999999999999993
3_51601,2017,1.9999999999999993
3_51602,2017,4.999999999999996
3_51700,2017,0.9999999999999989
3_51800,2017,2.9999999999999973
3_51900,2017,4.9999999999999885
3_52000,2017,3.999999999999996
3_5201,2017,2.9999999999999987
3_5202,2017,0.0
3_52300,2017,2.9999999999999987
3_52500,2017,10.999999999999998
3_52600,2017,0.9999999999999984
3_52700,2017,2.9999999999999987
3_52800,2017,1.9999999999999978
3_52900,2017,5.999999999999999
3_5300,2017,5.999999999999993
3_53000,2017,7.0
3_53100,2017,8.999999999999995
3_53200,2017,4.999999999999998
3_53300,2017,2.999999999999997
3_53400,2017,5.999999999999994
3_53500,2017,5.0
3_53700,2017,5.999999999999993
3_53800,2017,5.999999999999999
3_53900,2017,1.9999999999999978
3_5400,2017,2.0
3_54200,2017,2.999999999999999
3_54300,2017,0.9999999999999953
3_54400,2017,6.0
3_54500,2017,1.9999999999999984
3_54600,2017,5.9999999999999964
3_54700,2017,6.0
3_54800,2017,2.9999999999999987
3_54900,2017,2.999999999999999
3_55000,2017,0.9999999999999989
3_55100,2017,2.999999999999997
3_55200,2017,9.999999999999996
3_55300,2017,3.999999999999992
3_55400,2017,7.999999999999991
3_55500,2017,2.999999999999995
3_55600,2017,1.9999999999999978
3_55700,2017,1.9999999999999993
3_55800,2017,1.0
3_56000,2017,1.9999999999999962
3_5601,2017,0.0
3_5602,2017,0.0
3_56100,2017,3.9999999999999925
3_56200,2017,0.0
3_56300,2017,4.999999999999996
3_56400,2017,0.9999999999999983
3_56500,2017,0.9999999999999969
3_56600,2017,1.0
3_56800,2017,1.9999999999999991
3_56900,2017,1.9999999999999962
3_57000,2017,2.999999999999996
3_57100,2017,9.0
3_57200,2017,2.0
3_57300,2017,0.0
3_57400,2017,2.0
3_57500,2017,5.999999999999993
3_57600,2017,2.999999999999998
3_57800,2017,4.0
3_57900,2017,3.999999999999991
3_5800,2017,8.999999999999995
3_58000,2017,2.0
3_58200,2017,1.9999999999999978
3_58400,2017,2.9999999999999987
3_58600,2017,1.9999999999999993
3_58800,2017,0.0
3_58900,2017,2.9999999999999987
3_5900,2017,2.999999999999997
3_59000,2017,7.0
3_59100,2017,0.9999999999999984
3_59200,2017,2.9999999999999973
3_59300,2017,0.9999999999999996
3_59401,2017,1.9999999999999971
3_59402,2017,4.999999999999994
3_59600,2017,1.9999999999999991
3_59800,2017,0.0
3_6000,2017,0.9999999999999988
3_60000,2017,7.999999999999997
3_60600,2017,7.999999999999996
3_60800,2017,3.0
3_61002,2017,2.9999999999999987
3_61003,2017,0.9999999999999999
3_61004,2017,1.9999999999999962
3_61200,2017,0.0
3_61600,2017,1.0
3_6200,2017,2.999999999999999
3_62000,2017,0.9999999999999997
3_62200,2017,0.9999999999999997
3_62600,2017,4.0
3_62800,2017,0.9999999999999953
3_6300,2017,0.0
3_63200,2017,0.9999999999999999
3_63600,2017,0.0
3_63800,2017,0.0
3_6400,2017,2.0
3_64200,2017,2.999999999999998
3_64400,2017,1.0
3_64600,2017,0.999999999999999
3_64800,2017,0.0
3_6500,2017,3.0
3_65000,2017,6.0
3_65200,2017,2.0
3_65400,2017,0.0
3_65600,2017,0.0
3_65800,2017,0.9999999999999999
3_6600,2017,2.999999999999996
3_66000,2017,0.999999999999999
3_66200,2017,6.0
3_66600,2017,0.9999999999999988
3_6700,2017,0.0
3_67000,2017,0.9999999999999969
3_67200,2017,0.0
3_67400,2017,0.0
3_67600,2017,1.9999999999999991
3_67800,2017,1.9999999999999998
3_6800,2017,2.9999999999999987
3_68000,2017,1.9999999999999991
3_68200,2017,1.9999999999999978
3_68600,2017,1.9999999999999984
3_68800,2017,0.0
3_6900,2017,1.9999999999999982
3_69000,2017,1.0
3_69200,2017,7.0
3_69601,2017,0.9999999999999996
3_69602,2017,1.9999999999999976
3_69800,2017,5.999999999999999
3_700,2017,1.0
3_7000,2017,1.9999999999999993
3_70201,2017,0.0
3_70202,2017,0.0
3_70600,2017,0.0
3_7100,2017,0.0
3_7200,2017,0.0
3_72000,2017,1.0
3_72200,2017,11.999999999999988
3_72400,2017,3.9999999999999942
3_72600,2017,0.9999999999999989
3_72800,2017,0.9999999999999988
3_73000,2017,1.999999999999999
3_73200,2017,0.9999999999999953
3_73400,2017,1.9999999999999991
3_73600,2017,1.9999999999999962
3_73800,2017,2.9999999999999964
3_7400,2017,6.999999999999999
3_74000,2017,3.9999999999999964
3_74200,2017,2.999999999999999
3_74400,2017,1.0
3_74600,2017,3.999999999999998
3_74800,2017,2.9999999999999973
3_7500,2017,3.9999999999999987
3_75000,2017,3.0
3_75200,2017,1.0
3_75400,2017,0.0
3_75600,2017,0.0
3_75800,2017,1.9999999999999978
3_7600,2017,9.999999999999996
3_76000,2017,5.999999999999999
3_76200,2017,1.9999999999999976
3_76400,2017,0.0
3_76600,2017,0.0
3_76800,2017,4.999999999999994
3_7700,2017,4.999999999999995
3_77000,2017,0.9999999999999984
3_77200,2017,1.9999999999999944
3_77400,2017,2.9999999999999916
3_77600,2017,0.9999999999999953
3_7800,2017,1.9999999999999991
3_78000,2017,0.9999999999999989
3_78200,2017,0.0
3_78400,2017,1.9999999999999984
3_78600,2017,18.999999999999986
3_78800,2017,4.9999999999999964
3_79000,2017,4.999999999999996
3_79200,2017,5.999999999999991
3_79400,2017,8.999999999999996
3_79601,2017,2.9999999999999987
3_79602,2017,4.9999999999999964
3_79801,2017,0.9999999999999989
3_79802,2017,3.9999999999999956
3_8000,2017,1.9999999999999996
3_80000,2017,0.9999999999999988
3_80200,2017,0.0
3_80400,2017,1.9999999999999978
3_80600,2017,1.999999999999998
3_80800,2017,4.999999999999998
3_81000,2017,0.9999999999999996
3_81400,2017,0.0
3_81600,2017,2.999999999999998
3_81800,2017,5.999999999999993
3_8200,2017,0.9999999999999999
3_82000,2017,10.0
3_82200,2017,6.9999999999999964
3_82400,2017,4.999999999999999
3_82600,2017,3.9999999999999982
3_82800,2017,2.9999999999999987
3_83000,2017,6.999999999999999
3_83200,2017,0.9999999999999989
3_83400,2017,0.0
3_83600,2017,0.0
3_83800,2017,0.0
3_8400,2017,0.9999999999999984
3_84000,2017,3.999999999999996
3_84600,2017,0.9999999999999956
3_84800,2017,2.0
3_8500,2017,1.999999999999998
3_85000,2017,0.0
3_85200,2017,0.0
3_85400,2017,4.999999999999999
3_85600,2017,3.999999999999996
3_85800,2017,2.999999999999997
3_8600,2017,0.0
3_86000,2017,3.9999999999999982
3_86200,2017,3.9999999999999964
3_86400,2017,2.9999999999999982
3_86600,2017,6.0
3_86800,2017,12.0
3_87000,2017,1.9999999999999942
3_87200,2017,2.9999999999999987
3_87401,2017,0.9999999999999996
3_87600,2017,0.9999999999999983
3_87800,2017,6.999999999999996
3_8800,2017,1.0
3_88000,2017,9.999999999999996
3_88200,2017,6.999999999999999
3_88400,2017,7.999999999999996
3_88600,2017,2.999999999999995
3_88800,2017,7.0
3_89000,2017,9.999999999999995
3_89200,2017,19.999999999999996
3_89400,2017,2.9999999999999987
3_89600,2017,4.0
3_89800,2017,1.0
3_900,2017,5.999999999999994
3_9000,2017,0.9999999999999989
3_90000,2017,8.999999999999993
3_90200,2017,1.0
3_90600,2017,14.999999999999993
3_90800,2017,5.999999999999994
3_91000,2017,0.999999999999999
3_91200,2017,8.999999999999995
3_91600,2017,5.0
3_91800,2017,0.0
3_9200,2017,1.9999999999999993
3_92000,2017,8.999999999999995
3_92200,2017,5.9999999999999964
3_92400,2017,5.999999999999997
3_92800,2017,6.0
3_93000,2017,2.999999999999997
3_93200,2017,1.999999999999993
3_93400,2017,3.999999999999996
3_93600,2017,0.9999999999999974
3_93800,2017,3.9999999999999996
3_9400,2017,4.0
3_94401,2017,2.9999999999999987
3_94402,2017,1.9999999999999993
3_94600,2017,7.999999999999999
3_95000,2017,1.9999999999999998
3_95400,2017,2.9999999999999956
3_95600,2017,2.999999999999995
3_95800,2017,5.0
3_9600,2017,4.999999999999998
3_96000,2017,3.999999999999998
3_96200,2017,2.999999999999997
3_96400,2017,7.0
3_96600,2017,4.999999999999993
3_96800,2017,5.999999999999999
3_97000,2017,0.999999999999996
3_97400,2017,1.9999999999999993
3_9800,2017,1.9999999999999993
3_98200,2017,7.999999999999999
3_98400,2017,1.0
3_98600,2017,2.999999999999998
3_98800,2017,2.9999999999999987
3_99000,2017,0.9999999999999984
3_99200,2017,0.0
3_99400,2017,0.0
3_99600,2017,0.0
3_99800,2017,0.9999999999999989
4_100,2017,1.9999999999999938
4_1000,2017,1.9999999999999991
4_10000,2017,1.9999999999999978
4_100801,2017,0.9999999999999996
4_100802,2017,9.999999999999984
4_10100,2017,0.0
4_101001,2017,6.999999999999999
4_101002,2017,0.0
4_101700,2017,5.0
4_10200,2017,1.999999999999998
4_102900,2017,1.9999999999999978
4_10300,2017,1.9999999999999993
4_103201,2017,8.0
4_103202,2017,6.999999999999999
4_103300,2017,0.9999999999999997
4_103900,2017,1.9999999999999907
4_10400,2017,0.0
4_104700,2017,3.0
4_10500,2017,0.9999999999999999
4_105900,2017,1.0
4_10600,2017,0.9999999999999989
4_10701,2017,0.0
4_107201,2017,0.0
4_107202,2017,0.0
4_10800,2017,3.9999999999999982
4_108500,2017,0.9999999999999996
4_109300,2017,3.999999999999999
4_109700,2017,0.9999999999999984
4_109900,2017,1.0
4_11000,2017,1.9999999999999993
4_11100,2017,2.0
4_111300,2017,0.9999999999999996
4_11200,2017,1.9999999999999976
4_112300,2017,7.999999999999996
4_112900,2017,0.0
4_11300,2017,3.999999999999999
4_113300,2017,0.0
4_113900,2017,2.999999999999998
4_11400,2017,4.0
4_114100,2017,0.9999999999999984
4_114700,2017,0.0
4_11500,2017,0.9999999999999976
4_115100,2017,0.0
4_115500,2017,4.0
4_115700,2017,8.0
4_115900,2017,2.0
4_11600,2017,1.9999999999999978
4_116100,2017,4.999999999999997
4_116300,2017,4.999999999999992
4_116700,2017,1.9999999999999998
4_11700,2017,3.0
4_117100,2017,6.0
4_117500,2017,5.999999999999999
4_11800,2017,1.9999999999999998
4_118100,2017,2.9999999999999956
4_118500,2017,1.9999999999999991
4_118700,2017,0.9999999999999996
4_118900,2017,0.0
4_11900,2017,0.0
4_119100,2017,4.999999999999998
4_119300,2017,0.9999999999999983
4_119500,2017,2.0
4_119900,2017,0.9999999999999983
4_1200,2017,2.0
4_12000,2017,2.999999999999995
4_120100,2017,1.9999999999999993
4_120300,2017,0.9999999999999984
4_120500,2017,1.0
4_120700,2017,0.999999999999999
4_12100,2017,0.9999999999999999
4_121100,2017,4.0
4_121500,2017,0.9999999999999989
4_12200,2017,1.0
4_122300,2017,2.999999999999997
4_122701,2017,8.999999999999996
4_122702,2017,2.0
4_12301,2017,0.9999999999999953
4_12400,2017,1.9999999999999978
4_124100,2017,1.9999999999999976
4_124700,2017,0.9999999999999996
4_12500,2017,0.9999999999999988
4_125700,2017,2.999999999999997
4_12601,2017,0.0
4_12602,2017,1.0
4_126500,2017,1.9999999999999991
4_126700,2017,5.999999999999999
4_127700,2017,1.9999999999999967
4_12800,2017,0.9999999999999984
4_128300,2017,0.9999999999999984
4_129102,2017,0.0
4_129103,2017,0.0
4_129104,2017,0.9999999999999988
4_13000,2017,2.999999999999998
4_130100,2017,0.0
4_13200,2017,4.999999999999998
4_133300,2017,4.0
4_133900,2017,0.9999999999999984
4_13400,2017,1.9999999999999978
4_134100,2017,0.0
4_134700,2017,3.9999999999999956
4_13500,2017,0.0
4_13600,2017,0.9999999999999996
4_136700,2017,2.999999999999998
4_13700,2017,0.9999999999999983
4_137700,2017,0.0
4_13800,2017,0.9999999999999982
4_138501,2017,0.0
4_138502,2017,3.0
4_139900,2017,0.9999999999999997
4_1400,2017,0.0
4_14000,2017,0.9999999999999972
4_140300,2017,0.0
4_140901,2017,0.0
4_140902,2017,0.0
4_14100,2017,0.0
4_141700,2017,0.9999999999999997
4_14201,2017,3.999999999999999
4_14202,2017,2.9999999999999964
4_142900,2017,1.9999999999999998
4_14300,2017,5.999999999999997
4_143500,2017,0.0
4_14400,2017,0.9999999999999988
4_144100,2017,2.9999999999999996
4_144700,2017,1.999999999999998
4_14500,2017,0.0
4_145101,2017,0.9999999999999989
4_145102,2017,1.9999999999999998
4_145900,2017,0.0
4_146300,2017,5.0
4_146700,2017,1.9999999999999962
4_14700,2017,2.9999999999999996
4_147100,2017,4.999999999999998
4_147900,2017,2.999999999999997
4_14800,2017,0.0
4_148300,2017,0.0
4_14900,2017,1.0
4_15000,2017,1.9999999999999978
4_150701,2017,1.9999999999999956
4_150702,2017,0.9999999999999932
4_15100,2017,0.0
4_15200,2017,0.999999999999999
4_152901,2017,4.999999999999998
4_152902,2017,0.0
4_15300,2017,0.9999999999999996
4_15400,2017,2.0
4_15500,2017,4.999999999999997
4_155102,2017,6.999999999999995
4_15600,2017,0.9999999999999969
4_156700,2017,1.0
4_15700,2017,0.0
4_157101,2017,3.999999999999995
4_157102,2017,0.0
4_157901,2017,2.9999999999999947
4_157902,2017,1.9999999999999938
4_157903,2017,2.999999999999997
4_15801,2017,3.999999999999993
4_15802,2017,7.0
4_15900,2017,0.999999999999999
4_1600,2017,0.0
4_16100,2017,1.9999999999999998
4_161700,2017,0.999999999999999
4_162100,2017,0.9999999999999969
4_16300,2017,0.9999999999999997
4_16400,2017,4.0
4_16600,2017,8.0
4_16800,2017,0.9999999999999989
4_16900,2017,0.0
4_17000,2017,1.9999999999999993
4_17100,2017,6.999999999999986
4_17200,2017,0.9999999999999969
4_17400,2017,0.0
4_17600,2017,1.9999999999999993
4_17800,2017,0.9999999999999999
4_17900,2017,9.999999999999986
4_1800,2017,4.999999999999998
4_18000,2017,0.0
4_18101,2017,3.0
4_18102,2017,2.9999999999999987
4_18200,2017,0.0
4_18300,2017,7.999999999999999
4_18401,2017,3.9999999999999987
4_18402,2017,2.9999999999999987
4_18501,2017,0.9999999999999997
4_18502,2017,3.0
4_18600,2017,0.9999999999999988
4_18700,2017,0.0
4_18800,2017,0.0
4_18900,2017,0.9999999999999919
4_1900,2017,7.9999999999999805
4_19000,2017,5.999999999999998
4_19200,2017,0.0
4_19400,2017,0.0
4_19600,2017,1.9999999999999991
4_19800,2017,2.9999999999999987
4_19900,2017,5.999999999999974
4_200,2017,1.9999999999999993
4_2000,2017,0.0
4_20200,2017,0.9999999999999996
4_20400,2017,4.999999999999998
4_20500,2017,0.0
4_20600,2017,2.999999999999997
4_20800,2017,6.999999999999992
4_21200,2017,4.999999999999999
4_21400,2017,8.999999999999993
4_21600,2017,1.999999999999995
4_21900,2017,2.999999999999997
4_2200,2017,5.999999999999997
4_22001,2017,0.0
4_22002,2017,2.9999999999999956
4_22900,2017,1.9999999999999978
4_23000,2017,0.9999999999999972
4_23200,2017,3.0
4_23500,2017,6.999999999999999
4_23600,2017,6.9999999999999964
4_23800,2017,5.999999999999996
4_2400,2017,0.0
4_24000,2017,10.999999999999995
4_24300,2017,3.9999999999999956
4_24500,2017,0.9999999999999984
4_24600,2017,7.999999999999993
4_24700,2017,2.999999999999997
4_24900,2017,0.9999999999999969
4_2500,2017,1.9999999999999991
4_25100,2017,1.999999999999998
4_25301,2017,6.999999999999997
4_25302,2017,0.9999999999999988
4_25400,2017,3.9999999999999956
4_25500,2017,0.9999999999999989
4_25700,2017,0.0
4_25800,2017,0.0
4_25900,2017,2.9999999999999996
4_2600,2017,0.0
4_26000,2017,1.9999999999999978
4_26100,2017,7.0
4_26200,2017,0.9999999999999996
4_26300,2017,7.0
4_26400,2017,1.9999999999999978
4_26500,2017,1.9999999999999998
4_26600,2017,0.0
4_26700,2017,5.999999999999998
4_26901,2017,5.0
4_26902,2017,7.999999999999997
4_27000,2017,1.9999999999999978
4_27100,2017,4.999999999999998
4_27200,2017,0.9999999999999997
4_27300,2017,7.999999999999992
4_27400,2017,0.0
4_27500,2017,2.9999999999999964
4_27600,2017,0.9999999999999989
4_27700,2017,8.0
4_27800,2017,0.0
4_27900,2017,4.999999999999993
4_2800,2017,0.0
4_28000,2017,0.9999999999999999
4_28100,2017,10.999999999999996
4_28200,2017,2.9999999999999987
4_28300,2017,9.999999999999991
4_28400,2017,2.9999999999999987
4_28500,2017,0.999999999999999
4_28700,2017,4.999999999999997
4_28800,2017,7.0
4_28900,2017,3.9999999999999996
4_29100,2017,9.0
4_29300,2017,2.999999999999997
4_29400,2017,8.999999999999977
4_29500,2017,4.999999999999997
4_29700,2017,2.999999999999995
4_29900,2017,0.0
4_30600,2017,2.9999999999999636
4_30902,2017,0.9999999999999964
4_30903,2017,3.9999999999999956
4_30904,2017,5.999999999999994
4_3100,2017,1.9999999999999967
4_31700,2017,1.999999999999989
4_3200,2017,0.0
4_32000,2017,9.999999999999996
4_32700,2017,3.9999999999999956
4_32800,2017,0.9999999999999953
4_32900,2017,1.9999999999999976
4_3300,2017,11.999999999999986
4_33000,2017,0.0
4_33100,2017,0.9999999999999996
4_33401,2017,4.999999999999998
4_33402,2017,11.0
4_33700,2017,3.9999999999999982
4_33900,2017,3.999999999999997
4_3400,2017,3.999999999999999
4_34700,2017,2.9999999999999982
4_35100,2017,4.999999999999999
4_35200,2017,1.9999999999999967
4_35300,2017,3.9999999999999947
4_35700,2017,6.999999999999997
4_35800,2017,2.9999999999999996
4_3600,2017,1.9999999999999991
4_36100,2017,4.0
4_36300,2017,0.9999999999999989
4_36500,2017,2.999999999999999
4_36600,2017,2.999999999999995
4_36700,2017,0.999999999999999
4_36800,2017,1.0
4_3700,2017,0.9999999999999996
4_37100,2017,0.0
4_37300,2017,0.9999999999999999
4_37500,2017,8.0
4_37600,2017,0.0
4_37700,2017,2.0
4_37900,2017,4.0
4_3800,2017,3.0
4_38100,2017,5.999999999999989
4_38301,2017,1.0
4_38302,2017,3.99999999999999
4_38400,2017,3.9999999999999982
4_3900,2017,0.9999999999999997
4_39400,2017,3.9999999999999942
4_39800,2017,1.9999999999999998
4_39900,2017,0.9999999999999966
4_400,2017,1.9999999999999982
4_40000,2017,0.0
4_4001,2017,0.9999999999999989
4_4002,2017,6.0
4_40100,2017,4.999999999999999
4_40200,2017,0.0
4_40300,2017,4.999999999999999
4_40400,2017,1.0
4_40500,2017,2.999999999999997
4_40700,2017,10.999999999999995
4_40900,2017,3.9999999999999987
4_41100,2017,3.9999999999999996
4_41300,2017,2.999999999999997
4_41400,2017,1.9999999999999967
4_41500,2017,0.9999999999999983
4_4200,2017,0.9999999999999983
4_42400,2017,0.0
4_42600,2017,0.9999999999999983
4_42700,2017,3.9999999999999987
4_4300,2017,2.0
4_43200,2017,0.9999999999999997
4_43400,2017,0.0
4_43701,2017,2.9999999999999987
4_43702,2017,1.9999999999999978
4_43900,2017,5.999999999999998
4_44000,2017,3.9999999999999987
4_4401,2017,5.0
4_44301,2017,0.9999999999999996
4_44302,2017,0.9999999999999989
4_44400,2017,6.999999999999988
4_44601,2017,16.0
4_44602,2017,4.9999999999999964
4_44800,2017,0.0
4_4500,2017,3.9999999999999996
4_45000,2017,0.0
4_45200,2017,0.9999999999999996
4_45400,2017,9.999999999999993
4_45500,2017,2.999999999999998
4_45600,2017,0.0
4_45700,2017,1.9999999999999998
4_45800,2017,8.0
4_45900,2017,0.0
4_46000,2017,11.0
4_46100,2017,4.999999999999999
4_46200,2017,5.999999999999999
4_46300,2017,0.9999999999999984
4_46400,2017,0.0
4_46500,2017,0.9999999999999984
4_46600,2017,4.999999999999995
4_46700,2017,1.9999999999999996
4_46800,2017,3.9999999999999956
4_46900,2017,8.0
4_4700,2017,1.0
4_47000,2017,1.9999999999999951
4_47100,2017,3.0
4_47200,2017,0.9999999999999989
4_47300,2017,3.9999999999999893
4_47500,2017,6.999999999999988
4_47600,2017,1.9999999999999978
4_47800,2017,0.0
4_47900,2017,1.9999999999999978
4_48000,2017,2.999999999999999
4_48100,2017,0.9999999999999984
4_48200,2017,0.9999999999999997
4_48300,2017,0.9999999999999989
4_48400,2017,0.9999999999999996
4_48500,2017,7.999999999999992
4_48900,2017,0.0
4_49200,2017,2.999999999999995
4_49301,2017,0.0
4_49302,2017,2.9999999999999964
4_49500,2017,0.0
4_49600,2017,0.0
4_49700,2017,0.9999999999999996
4_49900,2017,3.9999999999999973
4_5000,2017,0.0
4_50000,2017,6.999999999999993
4_50201,2017,0.0
4_50202,2017,1.0
4_50400,2017,0.0
4_50500,2017,0.0
4_50600,2017,0.0
4_50700,2017,0.0
4_50800,2017,0.0
4_5100,2017,0.0
4_51000,2017,0.0
4_51100,2017,0.9999999999999983
4_51200,2017,7.0
4_51300,2017,0.0
4_51500,2017,1.0
4_51600,2017,1.9999999999999991
4_51700,2017,3.999999999999996
4_51800,2017,0.0
4_5200,2017,0.9999999999999996
4_52000,2017,0.0
4_52100,2017,4.999999999999999
4_52200,2017,0.0
4_52400,2017,2.0
4_52500,2017,0.0
4_52600,2017,0.0
4_52800,2017,2.999999999999996
4_5300,2017,4.0
4_53000,2017,2.9999999999999987
4_53100,2017,0.0
4_53200,2017,2.0
4_53401,2017,1.9999999999999978
4_53500,2017,1.9999999999999993
4_53601,2017,0.0
4_53800,2017,0.0
4_53900,2017,0.9999999999999976
4_5400,2017,3.999999999999994
4_54000,2017,6.0
4_54200,2017,1.999999999999998
4_54500,2017,1.0
4_54700,2017,5.999999999999997
4_54800,2017,0.9999999999999997
4_54900,2017,5.999999999999998
4_5500,2017,2.0
4_55100,2017,4.999999999999999
4_55200,2017,5.999999999999993
4_55300,2017,4.9999999999999964
4_55400,2017,0.9999999999999996
4_55500,2017,0.9999999999999982
4_55600,2017,0.0
4_55700,2017,5.999999999999999
4_55800,2017,0.0
4_55900,2017,0.999999999999999
4_56000,2017,0.9999999999999983
4_56100,2017,0.0
4_56200,2017,0.9999999999999999
4_56400,2017,0.0
4_56500,2017,0.0
4_56600,2017,2.9999999999999996
4_56700,2017,3.9999999999999982
4_56800,2017,14.0
4_5700,2017,1.9999999999999976
4_57700,2017,0.0
4_57900,2017,0.9999999999999996
4_5800,2017,1.9999999999999944
4_58000,2017,2.999999999999996
4_58100,2017,0.0
4_58200,2017,2.999999999999997
4_58300,2017,6.0
4_58500,2017,5.0
4_58700,2017,2.999999999999998
4_58900,2017,3.9999999999999982
4_5900,2017,0.9999999999999988
4_59000,2017,0.0
4_59100,2017,3.9999999999999982
4_59200,2017,0.0
4_59300,2017,0.9999999999999989
4_59400,2017,0.0
4_59500,2017,4.999999999999995
4_59600,2017,0.0
4_59800,2017,2.0
4_59900,2017,0.9999999999999996
4_600,2017,0.9999999999999972
4_60000,2017,0.0
4_60100,2017,4.0
4_60300,2017,0.999999999999994
4_60600,2017,0.0
4_60701,2017,0.0
4_60800,2017,0.9999999999999988
4_6100,2017,4.9999999999999964
4_61000,2017,0.0
4_61200,2017,0.0
4_61301,2017,5.999999999999997
4_61302,2017,0.999999999999999
4_61400,2017,0.0
4_61601,2017,0.0
4_61602,2017,1.9999999999999944
4_61800,2017,4.999999999999992
4_61900,2017,0.0
4_62000,2017,0.0
4_6201,2017,3.0
4_6202,2017,2.999999999999995
4_62100,2017,3.9999999999999956
4_62200,2017,2.999999999999995
4_62300,2017,0.0
4_62400,2017,1.0
4_62500,2017,1.0
4_62600,2017,0.9999999999999989
4_62700,2017,0.9999999999999997
4_62900,2017,0.0
4_6300,2017,3.9999999999999982
4_63000,2017,0.0
4_63200,2017,3.9999999999999964
4_63301,2017,0.0
4_63302,2017,0.0
4_63500,2017,0.9999999999999984
4_63700,2017,4.999999999999997
4_63800,2017,0.99999999999999
4_63900,2017,3.9999999999999956
4_64102,2017,4.0
4_64500,2017,2.0
4_64600,2017,1.9999999999999982
4_65000,2017,0.0
4_6501,2017,0.0
4_6502,2017,0.9999999999999988
4_65400,2017,8.999999999999993
4_65501,2017,0.9999999999999997
4_65600,2017,3.9999999999999956
4_65702,2017,1.9999999999999991
4_65703,2017,0.9999999999999976
4_65900,2017,0.0
4_66000,2017,0.0
4_66100,2017,0.0
4_66300,2017,1.9999999999999984
4_66400,2017,6.999999999999998
4_66501,2017,0.0
4_66701,2017,0.0
4_66900,2017,0.0
4_67100,2017,0.0
4_67700,2017,1.0
4_67900,2017,2.999999999999997
4_68000,2017,2.999999999999997
4_68200,2017,1.0
4_68300,2017,11.999999999999998
4_68700,2017,11.0
4_6900,2017,2.0
4_69000,2017,0.9999999999999999
4_69300,2017,2.999999999999997
4_69400,2017,1.9999999999999993
4_69500,2017,1.9999999999999984
4_69701,2017,1.9999999999999991
4_69702,2017,1.9999999999999993
4_700,2017,8.999999999999996
4_70300,2017,0.9999999999999983
4_70700,2017,1.0
4_70900,2017,2.9999999999999987
4_7100,2017,2.0
4_71100,2017,3.9999999999999982
4_71303,2017,5.0
4_71304,2017,4.999999999999998
4_71305,2017,0.0
4_71306,2017,0.9999999999999996
4_71600,2017,0.9999999999999961
4_71701,2017,7.999999999999997
4_71702,2017,1.9999999999999973
4_71900,2017,1.9999999999999991
4_72100,2017,0.0
4_72300,2017,1.9999999999999998
4_72900,2017,0.0
4_7300,2017,1.9999999999999993
4_73100,2017,0.0
4_73700,2017,8.0
4_73900,2017,1.9999999999999967
4_74100,2017,3.999999999999999
4_74300,2017,4.999999999999996
4_74500,2017,0.0
4_74700,2017,1.0
4_74900,2017,1.0
4_7500,2017,0.0
4_75701,2017,4.999999999999995
4_75702,2017,4.999999999999998
4_76901,2017,0.0
4_76902,2017,0.9999999999999982
4_7700,2017,0.9999999999999989
4_77500,2017,3.9999999999999942
4_77902,2017,5.999999999999994
4_77903,2017,1.9999999999999998
4_77904,2017,6.999999999999993
4_77905,2017,0.0
4_77906,2017,6.9999999999999964
4_77907,2017,0.0
4_77908,2017,2.0
4_78800,2017,1.0
4_7900,2017,0.9999999999999997
4_79000,2017,0.9999999999999984
4_79200,2017,0.999999999999994
4_79701,2017,7.999999999999997
4_79702,2017,7.9999999999999964
4_79900,2017,7.9999999999999964
4_800,2017,0.0
4_80301,2017,3.9999999999999987
4_80302,2017,0.9999999999999972
4_80900,2017,4.999999999999999
4_8100,2017,0.0
4_81400,2017,1.0
4_81800,2017,0.999999999999999
4_8300,2017,2.9999999999999964
4_83700,2017,0.9999999999999966
4_83800,2017,0.9999999999999969
4_84000,2017,1.0
4_84500,2017,8.0
4_84601,2017,0.0
4_84602,2017,1.9999999999999907
4_84900,2017,7.999999999999991
4_8500,2017,0.9999999999999999
4_85300,2017,14.999999999999998
4_85500,2017,9.999999999999998
4_85700,2017,4.999999999999998
4_85900,2017,0.9999999999999989
4_8600,2017,2.999999999999997
4_86100,2017,0.0
4_86300,2017,1.9999999999999978
4_86400,2017,0.9999999999999966
4_86500,2017,3.9999999999999956
4_86900,2017,17.0
4_8700,2017,0.9999999999999989
4_87100,2017,28.0
4_8800,2017,0.9999999999999969
4_88400,2017,3.0
4_88901,2017,5.999999999999997
4_89200,2017,5.999999999999997
4_90700,2017,1.999999999999998
4_9100,2017,0.9999999999999997
4_91601,2017,1.0
4_91900,2017,3.0
4_92200,2017,0.0
4_92500,2017,3.9999999999999982
4_92900,2017,2.999999999999997
4_93401,2017,0.9999999999999984
4_93402,2017,0.9999999999999989
4_93800,2017,7.999999999999996
4_93900,2017,2.0
4_9400,2017,4.999999999999998
4_94201,2017,3.9999999999999996
4_94202,2017,3.999999999999995
4_94203,2017,0.9999999999999953
4_94500,2017,3.9999999999999982
4_94700,2017,1.9999999999999984
4_9500,2017,0.0
4_95400,2017,2.9999999999999987
4_9600,2017,5.99999999999999
4_96400,2017,5.999999999999998
4_9700,2017,0.0
4_97202,2017,1.0
4_97203,2017,1.0
4_97204,2017,3.0
4_97300,2017,0.999999999999999
4_9800,2017,4.999999999999992
4_98100,2017,1.9999999999999978
4_98700,2017,3.9999999999999982
4_9900,2017,0.0
4_99100,2017,0.0
4_99200,2017,2.999999999999995
4_99701,2017,1.0
4_99703,2017,2.999999999999996
4_99704,2017,5.999999999999999
4_99705,2017,0.0
4_99801,2017,0.999999999999996
4_99802,2017,4.9999999999999964
5_10500,2017,5.999999999999997
5_1100,2017,5.999999999999997
5_11201,2017,2.9999999999999907
5_11202,2017,5.999999999999994
5_11401,2017,2.999999999999995
5_11402,2017,0.9999999999999937
5_12100,2017,0.9999999999999936
5_12200,2017,1.999999999999992
5_12500,2017,0.9999999999999989
5_12804,2017,3.999999999999991
5_12805,2017,1.9999999999999978
5_12806,2017,1.9999999999999967
5_13201,2017,1.0
5_13203,2017,0.0
5_13204,2017,3.9999999999999964
5_13302,2017,9.999999999999995
5_13400,2017,2.0
5_13800,2017,4.999999999999999
5_14100,2017,1.9999999999999993
5_14604,2017,1.9999999999999967
5_14605,2017,0.9999999999999972
5_14606,2017,0.0
5_14607,2017,3.9999999999999987
5_14608,2017,2.9999999999999987
5_14700,2017,1.9999999999999978
5_15100,2017,1.9999999999999933
5_15400,2017,0.0
5_15601,2017,2.999999999999999
5_15602,2017,0.9999999999999996
5_15603,2017,3.999999999999996
5_16901,2017,3.99999999999999
5_1700,2017,5.999999999999997
5_17005,2017,0.0
5_17007,2017,0.9999999999999997
5_17008,2017,1.999999999999998
5_17009,2017,0.0
5_17010,2017,0.0
5_17011,2017,1.0
5_17012,2017,0.9999999999999999
5_17300,2017,0.0
5_17600,2017,0.0
5_17700,2017,10.0
5_1800,2017,0.0
5_18100,2017,2.999999999999989
5_18701,2017,1.9999999999999978
5_18702,2017,0.9999999999999989
5_19800,2017,3.9999999999999947
5_2001,2017,0.9999999999999984
5_2002,2017,1.9999999999999951
5_20801,2017,2.9999999999999987
5_20803,2017,0.0
5_20804,2017,1.9999999999999993
5_2100,2017,6.999999999999996
5_22600,2017,4.999999999999983
5_22800,2017,2.0
5_24401,2017,0.0
5_24402,2017,0.0
5_24800,2017,1.999999999999995
5_2700,2017,0.0
5_27900,2017,0.9999999999999974
5_2900,2017,10.999999999999991
5_300,2017,7.9999999999999964
5_3300,2017,1.999999999999999
5_3600,2017,0.9999999999999982
5_3900,2017,0.0
5_4000,2017,10.99999999999998
5_4700,2017,0.9999999999999997
5_5000,2017,2.999999999999995
5_5900,2017,2.9999999999999996
5_600,2017,2.999999999999997
5_6400,2017,2.9999999999999973
5_6700,2017,0.9999999999999953
5_700,2017,0.9999999999999936
5_7000,2017,6.999999999999991
5_7400,2017,1.999999999999997
5_7500,2017,1.9999999999999973
5_7700,2017,0.0
5_800,2017,0.0
5_8100,2017,2.999999999999995
5_900,2017,2.999999999999998
5_9601,2017,0.9999999999999879
5_9602,2017,1.999999999999993
5_9700,2017,2.999999999999997
